results,target
-79.3002793296089,-0.340259125
-69.06825581395346,-0.315372342
-68.23029411764702,-0.580117966
-60.216463414634106,-1.05401339
-29.27204081632651,0.247197446
-79.30304878048776,-0.861808583
-86.95086206896548,-1.759061403
-72.26749999999997,-0.95232462
-66.77454545454545,-0.371640688
-89.5018041237113,-1.238432225
-108.7389839572192,-3.081337118
-73.23341614906829,-2.145248365
-103.17142857142854,-1.400318025
-101.43140703517587,-0.495298635
-83.37608695652172,0.245805709
-67.47571428571423,-0.188185864
-71.26564245810052,-1.28603909
-71.75898305084742,-0.617733261
-85.66625668449194,-1.126247781
-84.31327868852456,-1.009999064
-46.280509554140096,0.281178362
-81.08840659340657,0.27820314100000004
-91.0326903553299,-1.566220068
-83.45055555555551,-2.386484836
-88.08023121387278,-1.483887001
-63.52382165605093,0.633138503
-56.44992957746476,-1.394485086
-73.89872832369937,-0.146083426
-76.02039325842694,-1.314628766
-76.1926470588235,-1.4137438830000002
-62.651329479768734,-0.479830828
-56.447771084337305,0.404633391
-52.33586826347303,-0.952123031
-104.08746268656714,-1.053897658
-51.42148648648647,0.022597727
-37.775862068965495,-0.473701994
-34.16588235294114,0.610318885
-71.62242268041233,-0.041920098
-68.74108108108105,0.8579268320000001
-33.54228187919459,-1.292569679
-41.9070588235294,-0.13489299400000002
-48.57807692307688,-0.13037452900000002
-28.852260273972576,0.394615951
-77.39891304347823,-1.059970759
-86.11306451612901,-0.58635946
-57.091052631578904,-1.926422049
-57.97668674698791,0.277144328
-109.50879396984921,-0.998571415
-58.48183544303794,-1.014199763
-51.711409395973135,-0.7466154209999999
-75.65177419354836,-0.462051139
-85.00603448275858,-0.503614479
-61.881027397260254,-0.371471833
-101.88049180327866,-1.621394692
-54.36331210191079,0.08814816
-76.90489010989009,-0.017160917
-63.625471698113174,-1.170766776
-86.01314432989686,-0.209570237
-101.3392893401015,-1.857994444
-79.96552631578945,-0.715517237
-52.55233128834354,-1.156364261
-81.74657894736839,-0.542735004
-68.41589887640447,-0.013470524
-66.52029940119759,-0.7321486229999999
-94.89766497461926,-0.609884124
-52.59196202531642,1.039927275
-101.88049180327866,-1.742983825
-70.36363636363633,-0.377746885
-95.64692307692304,-0.286843482
-86.7382741116751,-0.8839095920000001
-89.75177419354836,-1.570217995
-94.20427135678389,-1.968100078
-94.40193877551016,-1.333456479
-49.80059171597631,0.009684341
-84.03362068965515,-0.506932291
-89.32825842696626,-0.605646629
-59.199999999999974,-0.849038856
-83.54741379310342,0.288984342
-77.70611111111108,-1.102082476
-79.56142857142854,-0.7628050670000001
-66.28377049180324,-0.416734159
-89.91947368421049,-1.515342423
-85.44441340782119,-1.378839273
-63.0730722891566,-0.684945065
-41.24986013986012,-0.477948265
-61.5934615384615,-0.508062794
-66.75694267515921,-0.525784067
-74.58263157894733,-1.221284385
-75.54511235955054,-1.240080878
-78.92847457627114,-0.098809527
-65.87689440993786,-0.8676088359999999
-62.76537974683541,-0.703780283
-90.2065789473684,-1.56314024
-108.39335078534029,-1.696766222
-75.04554945054942,-1.622131769
-96.45714285714281,-0.607166564
-48.18578947368418,-1.137032552
-51.79749999999996,0.061007468
-79.73499999999999,0.182081688
-37.385140845070396,-0.811519925
-65.55775862068963,-1.972670519
-44.53443661971829,-1.820642814
-70.32485207100589,-0.760367894
-64.6019879518072,-1.00707269
-39.78749999999998,-1.289408299
-47.1110344827586,-1.236415384
-35.00204225352111,0.0
-63.13454545454543,-0.708095165
-41.7039189189189,-0.254103124
-42.05906040268454,0.270832416
-39.019155844155804,-0.282044397
-66.01863636363633,-1.642969499
-60.37071428571424,-1.937949286
-45.95947368421048,-0.216514978
-75.54511235955054,-1.492648909
-78.35502793296085,-1.18578775
-63.7750310559006,-1.101295212
-109.10599999999995,-1.968184473
-93.39048387096771,-0.206408222
-88.89568965517238,-1.702971145
-76.66166666666663,-2.315611548
-54.19322580645159,-0.235148658
-66.94827586206894,-1.679509559
-76.17742857142854,-0.451994374
-97.79999999999995,-0.093604041
-82.01951612903224,-0.365378816
-80.25595375722538,-0.6903078840000001
-111.22099999999996,-2.461999582
-61.84374999999997,-1.186614667
-68.23029411764702,-0.007393824
-96.61579207920788,-2.01911713
-64.06267515923564,-0.416552018
-89.92169491525419,-2.62550662
-83.19005780346816,-2.457151723
-61.69724137931031,-0.951697208
-89.13923076923075,-0.6467511020000001
-35.92538461538457,-0.057672423
-45.94413793103446,-0.36066138
-70.32485207100589,-0.8766493870000001
-75.09499999999996,-0.8394347240000001
-85.30868421052631,-0.634326216
-91.19239130434781,-1.035478244
-61.25999999999996,-0.440313211
-105.0641871921182,-1.461300604
-105.65318181818176,-1.2466535090000002
-59.77408163265302,-2.1585144990000003
-75.83136094674555,-0.151042306
-94.40686567164177,-0.887361895
-99.23844919786092,-1.061181523
-83.19005780346816,-0.722882817
-57.13770270270268,-0.662764496
-65.69499999999995,-1.008790802
-86.27718562874249,-2.1889146580000003
-65.20615894039733,-1.758594754
-104.45299999999996,-1.095873973
-91.09710526315789,-1.713306482
-69.98658959537568,-0.85532196
-78.30344262295078,-1.556397958
-79.69390109890107,-1.034282779
-52.43017241379307,-0.374275101
-71.73692771084333,-0.377960173
-86.11866310160424,-1.143987806
-63.12672413793101,-1.5365386909999998
-27.317810218978067,-0.455012507
-58.05818181818181,-0.8558477640000001
-94.46822335025378,-0.610791351
-57.22328671328668,-1.4784161930000002
-95.99812499999999,-0.129115374
-64.01774193548385,-1.033506428
-44.89798657718117,0.877184835
-49.66269230769228,-0.714561333
-75.69207317073167,-0.714391937
-79.88918604651158,-1.572265988
-80.20499999999998,-1.333634907
-89.29693548387094,-1.860140006
-94.40193877551016,-0.548446675
-102.14694581280786,-1.083722413
-75.95430232558137,-1.215512674
-58.76078947368417,-0.802785602
-50.0792857142857,-1.964773354
-76.53864406779655,-1.237728792
-55.938132530120455,0.384222695
-100.0313114754098,-1.16337267
-76.23499999999999,0.572044972
-87.32139175257727,-0.492691685
-84.8007692307692,-0.290306006
-69.14052631578943,0.604258906
-39.69529411764702,-1.73683059
-48.09624999999997,0.17861529199999998
-59.922625698323984,-1.5578101640000002
-52.63842105263154,-1.160410121
-52.63842105263154,-0.14670831
-103.23499999999997,-0.889420014
-55.95899999999996,-0.003118553
-116.17917098445592,-2.056437688
-79.70872928176792,-0.28099387800000003
-76.46452513966476,-0.74845172
-76.32367469879514,-1.740491482
-71.58616766467064,0.938783027
-32.40671140939594,0.27773732100000004
-43.610344827586175,-0.8950071159999999
-72.70911764705879,-2.063722887
-92.17615384615381,-0.282288378
-76.90489010989009,-1.7346178069999998
-48.86137931034479,-0.037241954
-96.43418848167536,-0.960598135
-96.87712041884814,-0.517560783
-55.64433962264148,-1.4636078680000002
-88.06714285714283,-1.465672751
-109.4405405405405,-1.038890428
-40.782244897959146,-0.727449806
-62.1002631578947,0.06258012
-105.11973262032082,-1.880072943
-96.97641711229943,-0.795230717
-36.84999999999998,-1.617710055
-63.28499999999998,-1.681722432
-47.881165644171745,-1.07873501
-75.69499999999996,-2.934846302
-81.18499999999999,-2.415774514
-71.26758426966289,-1.1152114709999998
-111.63499999999995,-1.258497662
-100.58115577889444,-2.048224387
-80.04570680628268,-1.302687606
-84.36692307692306,-0.7140087559999999
-66.73735294117644,-1.541347178
-36.55932432432431,-2.054283749
-93.84532258064513,-0.852108946
-65.6866298342541,-0.390542046
-109.95199999999996,-0.68799695
-87.54934426229505,-0.963075801
-81.49514285714281,-0.114236961
-112.61029411764702,-0.978116657
-79.22803278688521,-1.258051132
-91.17123762376234,-0.994652967
-92.03249999999998,-1.0766235240000002
-82.47435483870966,-2.058022647
-95.5483246073298,-2.641977952
-69.55515527950308,-0.888960128
-95.60044198895024,-0.56108449
-88.19499999999996,-0.426813005
-60.337607361963165,1.465592368
-74.72714285714282,-0.06499875
-96.01544041450774,-1.101862676
-53.59036809815949,-0.095749985
-79.77290502793291,-0.374500006
-40.66720779220775,0.624751002
-69.188734939759,0.6879052929999999
-40.443461538461506,-0.406253077
-68.64578947368418,-1.669863846
-65.67923566878977,-0.156618699
-110.53874999999998,-0.814380276
-72.14547770700634,-0.338547583
-132.46557788944722,-0.820523406
-109.11249999999998,-1.634185368
-115.95421965317914,-2.492674043
-115.30611111111108,-1.719895591
-139.61999999999998,-2.11226356
-103.02230769230766,-0.38658731
-101.8527215189873,-1.561800561
-92.62191082802545,-0.7518473640000001
-101.79914285714281,-0.863299895
-76.41145695364236,-0.576698794
-89.71722222222218,-1.157269036
-105.57885245901636,-1.589571686
-111.88260869565215,-0.6524211120000001
-132.39196721311473,-1.370115991
-136.95921052631576,-2.1926883530000003
-101.8527215189873,-0.841114385
-76.41145695364236,-0.87494669
-93.1305056179775,-0.541982061
-64.90715189873413,-1.238431716
-63.1403468208092,1.023516839
-77.47370129870124,-1.154753922
-128.64486631016038,-1.672911306
-109.76467741935481,-1.330950329
-110.28499999999997,-1.213193054
-118.55431034482754,-1.3141400090000002
-99.71094936708857,-1.959472481
-106.76727272727271,-1.058465094
-79.26458904109589,-1.782989643
-108.20434782608692,-0.273238231
-58.88192307692303,-1.248513154
-80.6518867924528,-1.277544064
-75.37859872611462,-0.7550335509999999
-71.88999999999996,-1.1090531890000002
-46.848513513513495,-0.988385529
-82.45652173913041,-0.113693934
-113.10499999999996,-2.331189821
-71.82662721893489,-1.280788834
-80.64353591160217,0.411471026
-110.08994475138118,-1.4313810219999998
-127.88186335403725,-1.653130604
-143.4538983050847,-1.809957128
-135.938956043956,-2.085060117
-93.17412087912086,0.838793563
-100.72029850746266,-0.007644294
-100.47995073891623,-0.199032413
-88.84674556213015,0.025170898
-105.86686390532543,-0.807687264
-95.85503184713374,-1.4136988380000002
-105.21661016949147,-0.8563815359999999
-82.41785714285709,-2.536904911
-84.80779069767439,-0.580746823
-86.78377245508979,-0.585142293
-123.28947976878607,-2.027056522
-101.78342105263157,-0.515282095
-106.0340718562874,-2.176054735
-61.56071428571427,0.906526234
-76.6939597315436,-1.4036322280000002
-99.38199999999995,-0.240680292
-64.60152866242035,0.40728624
-105.25631578947363,-0.8017068759999999
-54.3481506849315,-1.493984206
-112.82267015706803,-0.966047657
-83.66677419354835,-0.516593446
-118.78499999999997,-2.140450282
-88.36460122699384,-1.549272194
-122.2079896907216,-0.004268138
-109.64435582822082,-1.839474618
-81.36476744186042,-0.937832595
-128.81644578313248,-2.296675509
-107.50748691099473,-0.622842684
-112.55949044585984,-2.5247904180000003
-93.27155172413791,-0.822943305
-122.63475609756094,-1.488918252
-126.3828342245989,-1.150423852
-112.12380952380948,-1.1626638809999998
-100.80368421052626,-1.5403972030000002
-123.91499999999996,-1.835589363
-117.13622950819669,-0.10236821
-111.43882681564241,0.075708395
-109.3196774193548,-2.241482979
-122.7543005181347,-2.19510939
-146.43499999999997,-1.7184457519999998
-99.55710526315787,0.3281442
-83.69454545454543,-1.641886235
-93.56874999999997,-2.376021317
-88.46071428571423,-1.5339709259999998
-65.82147540983603,-0.451211686
-108.4309036144578,-0.403295095
-144.53499999999994,-1.652186861
-111.06404624277451,-2.989178994
-64.32657894736838,0.726097322
-84.43749999999997,-1.820296934
-126.40124999999998,-3.4135158530000003
-85.02888111888106,-0.36109813
-108.81818181818178,-2.160460667
-137.90088235294112,-2.378185941
-95.36955307262565,-1.361228127
-99.46847826086955,0.14655572
-75.88836734693874,-0.35118288
-73.01081632653057,-0.200118712
-68.68409090909087,-1.411302185
-88.81605263157891,-0.539375362
-150.25516129032255,-3.1371432610000003
-121.64735955056176,-0.849320333
-96.61244186046508,-1.684291865
-108.72735751295333,-1.197114606
-115.55193877551015,-0.829604039
-88.74657142857139,-1.410773436
-71.60662420382162,-1.666049491
-70.28499999999998,-0.515114516
-81.1839622641509,0.8038752809999999
-140.9595360824742,-2.085486472
-62.28229729729729,-0.014712066
-99.11722222222218,-1.380826715
-55.62807692307689,-0.748301687
-79.82124999999996,-0.518625175
-98.70499999999997,-1.841355836
-101.8527215189873,-2.486377231
-83.84433962264148,-0.545255292
-105.11973262032082,-1.397337222
-86.69529411764702,-1.501553351
-93.83499999999997,-1.0749877209999998
-71.88999999999996,-0.644070676
-128.39349112426032,-3.123761608
-81.86850649350643,-2.046467916
-108.4632352941176,-0.8739068109999999
-109.90818681318677,-0.06501728
-91.34305389221555,-0.625072461
-90.58499999999997,-1.15589416
-120.18095238095233,-1.929461427
-81.92969879518068,-1.981132405
-118.3816568047337,-1.342195073
-132.52384615384614,-1.493906454
-93.03999999999996,-1.503788351
-112.34239130434781,-2.113310782
-57.479999999999976,0.766250821
-83.94573170731704,-1.134245897
-60.02457746478872,0.325987982
-99.75822580645159,-0.429918342
-130.54278688524585,-0.938450639
-74.28635135135133,0.104885081
-83.85556338028167,-0.732070942
-105.49529411764703,-0.8013619890000001
-99.96051813471499,-0.741878369
-48.599999999999994,-1.008548435
-68.41589887640447,0.131890683
-88.40948275862067,-0.281876326
-118.39047619047616,-0.616799879
-97.74363636363633,-0.237531023
-110.81243243243239,-1.874572871
-93.65138554216864,-1.57315016
-66.7394444444444,-0.7058255170000001
-111.9081355932203,-1.270939427
-77.15862275449099,0.154878577
-114.03692771084334,-0.605162264
-70.33214285714281,-0.555356062
-124.61622448979588,0.121154248
-84.00391891891888,-1.795182698
-104.13499999999998,0.7848375240000001
-121.75918032786882,-2.1197301790000003
-100.05546511627904,-1.012693356
-69.46752747252744,-0.7427136240000001
-123.51623711340201,-0.6544389829999999
-75.85119205298011,-0.034310631
-82.2189795918367,-1.266894527
-96.06784530386737,0.185004067
-137.15954545454542,-2.109452869
-112.89436464088394,-0.630143391
-135.21374999999998,-0.262953834
-79.29249999999995,-0.286442912
-127.98072625698322,-1.11505142
-139.70803370786513,-1.426012358
-84.48352941176469,-0.074333762
-76.07999999999996,-1.164143627
-88.03322580645158,-2.273766532
-109.89267441860463,-2.793684169
-62.407676056338005,-0.483763357
-122.44396551724134,-1.414318496
-91.12205882352939,-1.913303692
-96.18499999999997,-0.550844284
-65.27999999999997,-1.176277587
-66.28364864864862,0.043057874
-88.12999999999997,-0.090667761
-93.84532258064513,-1.073497469
-129.34119402985073,-1.732891849
-84.90849056603773,-0.183396499
-104.47318181818179,-1.939365278
-101.80772727272722,-0.279002052
-82.43933734939755,-0.106657168
-51.28785714285712,-0.5675447060000001
-109.92812182741113,-1.052453379
-124.49184210526315,-0.870117303
-81.23624161073823,0.00942841
-112.46973684210523,-1.314832607
-107.86421348314605,-1.3693117330000002
-86.28337209302323,-0.670190986
-80.33668639053253,0.15532111
-97.60527638190952,0.238440727
-66.07374999999996,-0.133798219
-114.92810810810806,-1.046527731
-71.90181818181816,-0.4261764320000001
-56.321020408163236,0.348012868
-53.414765100671104,0.516561198
-72.43530612244894,-0.376403238
-73.94965517241377,-1.201607893
-90.78540983606553,-3.25631229
-82.94897590361442,-0.53217563
-85.34260355029583,-1.639359581
-68.40673469387752,-2.049657104
-116.30199999999996,-2.366802097
-98.98124223602483,0.526813057
-58.85256756756756,0.347466115
-78.75055555555551,-0.4001340820000001
-92.57173913043476,-0.621404507
-117.42963190184048,-3.2955761010000004
-108.81348101265817,-0.73102331
-116.5090909090909,-2.451063403
-47.52999999999997,0.449735898
-80.773202247191,-0.014684677
-104.86756756756752,-0.531309028
-109.3098387096774,-0.977261889
-88.58939226519334,0.543572822
-67.34235294117643,-0.398495737
-95.36157894736837,-0.686426975
-116.79918781725884,0.443100663
-62.44611464968149,-1.255921325
-72.53584507042251,-1.162651542
-118.96166666666662,-1.681361062
-68.11981012658222,0.472264158
-85.03517241379308,0.254812169
-93.37277777777774,-2.425235133
-82.08749999999998,-0.455608931
-79.67617647058822,-1.981244288
-102.15222797927458,-0.929454538
-123.45303664921462,-3.031543857
-66.21808917197448,-0.34324576100000004
-95.05292207792203,-1.804048773
-86.2180136986301,-0.376544514
-113.34203389830503,-2.11469151
-92.48138728323694,-1.56499948
-82.691801242236,-1.814723766
-148.61774193548382,-3.549190203
-89.70275862068962,-1.7198424769999998
-116.86499999999998,-0.5586168460000001
-103.85177419354837,-0.518584635
-94.97454545454542,-1.4530479930000002
-113.43272727272725,-0.6555520979999999
-124.27119760479039,-1.6251413000000001
-109.05771812080533,-2.098193776
-64.94764705882349,-0.68030937
-70.74852112676052,0.533262425
-97.00265193370161,-0.049815443
-110.50085714285711,-2.119294409
-103.95297297297293,-0.086804588
-110.24061797752807,-0.559842818
-90.61880597014924,-0.171100842
-55.42131578947365,1.062151104
-76.68717391304347,-0.735349427
-110.39769230769228,-1.456422672
-45.66249999999998,0.17980864
-85.72659090909089,0.3513912
-115.5865789473684,-1.725807334
-118.3708808290155,-0.574590947
-129.15590163934422,-2.209590083
-109.53499999999998,-1.433352744
-91.89842105263153,-2.550370827
-86.11866310160424,-0.49434772
-76.2357692307692,0.049662064000000006
-71.83357142857142,-2.272952473
-71.21294117647055,-1.060679063
-99.86542857142854,-1.516844735
-100.80368421052626,-1.869676686
-120.61847826086955,-2.670400661
-62.86413793103445,-0.236141283
-97.38230769230766,0.586342197
-79.08936619718307,-0.641551836
-124.87499999999997,0.057474516
-89.38874999999999,-0.250598231
-122.38192893401012,-1.204063046
-62.28068965517238,0.8663298009999999
-70.2386713286713,-0.049885402
-71.99986486486483,-2.176638474
-81.11540372670805,-0.7084837270000001
-83.28576923076918,-1.480922784
-77.11709677419353,-1.348816209
-100.63961538461533,-2.276119978
-111.2285714285714,-0.918446463
-109.33090909090907,-0.537256206
-107.67499999999995,-2.516032203
-115.55193877551015,0.02739912
-107.61135135135132,-1.218451365
-85.75394736842102,-2.3370277980000003
-83.43229729729728,-0.384449836
-72.18248447204965,-0.163070217
-87.79636363636361,-1.4100707469999998
-99.091780104712,-0.432077259
-90.36299999999997,-0.6413322029999999
-120.40568493150681,-1.961218774
-78.32499999999996,0.036622032
-67.60939597315434,-0.152209653
-123.2197727272727,-1.478113115
-85.44441340782119,0.844974076
-72.94749999999996,-0.173404195
-107.68961538461534,-1.474937356
-88.00983050847454,0.33789777200000004
-94.10794117647055,-2.312680565
-111.9595580110497,-0.668905761
-47.662142857142825,0.5825860660000001
-52.01099999999995,-0.142303129
-114.60985074626863,-0.394116031
-114.98499999999996,-2.241481592
-78.82765363128487,0.992717695
-100.15603015075374,1.432603719
-99.86673076923073,0.650396086
-55.62807692307689,0.922598578
-103.92937499999998,-2.098625275
-88.74657142857139,-0.424981939
-106.04114754098356,-0.344269809
-105.21661016949147,-0.878020998
-101.15256756756756,-1.277949957
-108.66413043478258,-1.457473562
-69.31275167785232,0.20725867
-109.07359281437124,-1.441185956
-104.7614516129032,-0.698003989
-130.0020855614973,-2.215148883
-66.94827586206894,-0.297259587
-103.89899999999994,-3.263499847
-97.92807692307687,-1.479471819
-117.7871122994652,-1.884297622
-56.53447368421048,0.488056427
-100.45304878048776,-1.683761536
-81.3191558441558,-0.7576071529999999
-117.27846938775505,1.268987149
-58.998111888111865,-0.095004266
-145.01384615384612,-1.540198331
-92.3931578947368,0.08280077799999999
-114.74720670391056,-0.109845936
-75.69899999999996,-0.195364959
-77.71293103448274,0.011813763
-100.09581005586588,-0.327796134
-82.66909090909088,-0.432472085
-76.07999999999996,-1.417432918
-91.20197674418601,0.323425373
-107.68798701298695,-2.768247946
-126.44999999999996,-0.701958848
-100.25971910112358,-0.827983792
-115.94030456852788,-1.067677743
-123.06999999999996,-2.601398503
-122.14909090909089,-1.979797604
-83.32318181818178,-1.721582233
-67.59267441860463,-1.136051502
-101.86321917808218,-1.776309711
-92.07499999999999,-0.913326537
-62.561320754716945,-0.124659253
-102.860127388535,-2.1230866980000003
-106.4930769230769,0.498429902
-98.35859550561796,0.259730278
-112.91799999999995,-3.0515245280000003
-129.15590163934422,-2.652384117
-85.23272727272725,-2.864956753
-102.33799999999995,-0.909141193
-128.1796531791907,-1.3570383780000002
-65.04999999999998,-1.451768512
-78.48807453416147,-1.134821962
-88.28016759776531,-1.612461057
-111.68340909090907,-0.302916244
-63.80265306122446,-1.717329784
-123.07320224719098,-2.088891083
-93.74699999999996,-0.202360343
-67.83838709677417,-1.533553613
-97.63499999999996,-2.082496583
-85.53944444444441,-0.8006733559999999
-94.09749999999997,-0.933473096
-110.54860962566842,-0.366843066
-116.90538461538459,-0.838837134
-101.30643979057588,0.098693207
-98.20124999999997,-1.893606415
-106.17869109947641,0.053523571
-94.4243016759776,-1.777244323
-124.71461538461534,-1.2847128490000002
-100.42057591623033,-0.451736248
-101.98631284916198,-0.204233477
-42.15133802816899,0.843423217
-104.79499999999997,-0.6546333520000001
-92.1993902439024,0.390333674
-101.3392893401015,1.410419892
-114.19863636363631,0.619312344
-73.52833333333331,0.40496417
-122.15088669950735,-1.040992343
-82.57516129032254,-2.232322583
-98.89837662337658,-1.016749845
-78.56727272727271,-0.790763483
-109.59896039603957,-0.547254201
-77.68447368421047,-1.758081302
-66.21722222222218,-0.260867944
-104.78227979274608,-0.14072341800000002
-127.20602040816323,-1.848063696
-118.86145161290318,-0.681241428
-72.70795031055899,0.234910408
-103.4818965517241,-1.02345278
-94.73017241379307,-1.097923263
-67.39999999999998,1.079362146
-120.22596774193548,-0.268542759
-81.16588235294114,0.614928616
-79.07999999999997,-0.067277264
-114.74720670391056,-1.009732977
-94.38184210526313,-1.078237593
-54.8512162162162,0.16935606600000006
-111.67619047619044,0.228542017
-84.34225274725272,1.367284376
-85.93357512953365,-0.305702974
-104.34944134078208,-2.64763109
-86.28337209302323,-1.833088289
-67.65999999999995,-0.6521941960000001
-103.61904761904758,-0.569842532
-104.51431137724549,-0.120578597
-109.6437967914438,-0.7920716440000001
-45.479999999999976,0.555299059
-112.50537313432832,-0.650477293
-112.30124999999998,0.900302169
-95.72162162162158,-0.699882514
-36.07238410596024,0.624396241
-122.68768844221103,-1.161062744
-130.92963917525768,-0.5962579370000001
-104.40728643216077,1.070987536
-98.33363636363632,-2.261028038
-112.30124999999998,-0.352036526
-83.55391061452511,-0.169105333
-57.650999999999954,-0.075289783
-83.14960674157301,-0.31706137300000004
-91.95499999999997,-0.46030420000000005
-112.6416216216216,-0.7434351359999999
-103.5462983425414,-1.140224065
-112.50477157360403,-0.569249053
-46.238489208633055,0.083994205
-105.29282722513085,-2.530227686
-88.63382352941173,0.389075757
-108.68943298969067,-0.802163794
-109.35289473684209,-1.134926912
-102.00598901098897,-0.4166714970000001
-42.47999999999996,1.024258258
-104.21491978609622,-0.024195138
-119.32590909090905,-0.514429592
-125.51999999999998,-1.342652384
-122.97923076923072,-0.64364403
-110.7804545454545,-0.887465518
-107.14793103448274,1.263126798
-85.76950920245396,-1.10578373
-117.71010204081627,-1.063582485
-82.04574585635355,-0.309605294
-76.57131578947366,0.716514663
-96.84578947368416,0.192178063
-103.86532967032964,-1.586580457
-103.5462983425414,-1.291231784
-87.77971428571423,1.020308011
-80.87290697674415,-0.594404653
-90.84051724137929,-1.179180106
-125.1484615384615,-0.904128538
-126.24711864406777,-2.030345161
-82.60865921787705,-0.257776264
-56.2773684210526,-0.371879498
-46.280509554140096,0.850392143
-47.07263157894732,0.357384606
-95.56190476190473,-2.1991863030000003
-99.15055865921784,-1.427664021
-90.54499999999997,-0.386552253
-45.06201298701295,0.7245535790000001
-84.8007692307692,0.487495265
-97.76062499999998,0.005085636
-73.23184210526313,0.991114026
-111.93680628272247,-0.984640437
-94.90019867549665,-1.644198296
-94.66563535911598,-1.326654811
-107.38118556701026,-0.14668009199999998
-83.12096774193546,-0.556069951
-82.20456521739129,-0.637014302
-92.9778378378378,-0.124636626
-107.41399999999994,0.700117443
-107.60644067796605,-0.436351629
-71.33246835443035,-1.572898292
-87.2903592814371,-0.8482350329999999
-105.11973262032082,-0.976150327
-81.1839622641509,-0.06282267400000001
-109.53499999999998,-0.6325619
-56.566081081081066,-0.0885427
-72.13867924528299,-1.67757638
-49.75499999999997,0.34459256200000005
-137.50983870967738,-1.905386132
-75.4778571428571,-1.520401466
-116.13241935483867,-1.154857171
-96.427967032967,0.861479827
-86.37191709844556,-0.203078529
-87.84558282208587,-0.881081255
-60.9251020408163,0.281809509
-118.81880597014923,0.105748891
-88.12999999999997,0.071003186
-82.39817073170728,0.294498053
-46.60134228187917,-1.4223531669999998
-103.5462983425414,-1.139722226
-79.79499999999996,-0.7770896829999999
-96.18499999999997,-2.599810686
-121.41231155778891,-1.374425975
-110.43376288659789,-0.346156966
-99.96628712871282,-0.283326643
-42.17965753424657,1.088497136
-96.53524861878448,-2.451886841
-65.93733766233763,0.0214596
-120.84022099447512,-1.090008478
-75.4592857142857,0.129346895
-85.76928571428567,-0.465615248
-91.95499999999997,-1.527416846
-87.26709302325578,-0.610551119
-45.72598591549294,0.5232301570000001
-68.17718120805367,-0.928660451
-104.77482233502535,0.17155279399999998
-112.56692307692305,-0.902859765
-121.16316326530608,-0.528970635
-108.08371428571422,-2.134297951
-92.85055555555553,-0.597031199
-81.13090909090907,0.231689064
-103.07889502762427,0.779653259
-90.51724489795913,-0.544475948
-99.00499999999997,-0.552166718
-131.71681818181813,-0.589643764
-110.7870050761421,-0.650322956
-83.40422459893045,-0.291865363
-61.71067567567566,-2.023888916
-115.24749999999995,-1.239133707
-98.35859550561796,-0.8572515470000001
-32.55499999999998,0.810874254
-81.56467741935482,-0.563904647
-66.51348101265819,0.946567567
-69.77499999999996,0.627618676
-89.91947368421049,-0.699299571
-84.34142011834317,-1.725606079
-40.679999999999964,0.034710132000000005
-93.47769230769227,0.642449351
-75.47967741935481,-0.6189873020000001
-53.67363636363632,1.040517007
-102.02290697674414,-0.06284545799999999
-73.21819672131143,0.86413932
-85.77059880239518,0.918885563
-99.81664739884388,-1.112676572
-91.0885714285714,-1.395231365
-67.87223776223772,-1.802185475
-112.94854838709674,-0.567156181
-117.99346153846147,-0.647143875
-104.5372471910112,-0.101779002
-104.81062499999997,0.348589053
-106.49258883248729,-0.041010564
-92.60999999999997,0.108476405
-54.048113207547146,-1.056268572
-83.12096774193546,-0.7597673840000001
-91.10319277108431,-0.150425549
-90.75533678756474,0.422776366
-80.6235714285714,-1.569126023
-86.88530927835046,1.583846826
-46.59905660377356,0.330810305
-85.66625668449194,-0.157654161
-73.47624999999996,-1.363978683
-90.21825581395345,0.070826688
-44.671764705882325,0.684207676
-70.74852112676052,1.174546793
-123.60131578947366,-0.879313861
-87.53186440677962,-0.5103273229999999
-82.84249999999997,0.356800873
-106.23605263157893,-0.786118758
-120.2217441860465,-2.457555647
-80.95103448275859,-1.077825512
-97.7069325153374,-0.687688231
-90.87461538461535,-0.407865668
-51.30720279720276,-0.651453846
-77.45034482758618,-0.631701701
-86.13478260869562,-0.388758647
-112.9262686567164,-1.061225412
-100.05096446700503,-0.968179945
-99.80707182320438,-0.119887973
-111.78499999999998,0.025798866
-64.90715189873413,-0.122770289
-122.31595854922276,-0.634706485
-98.53099999999995,-0.7432738329999999
-82.08879310344825,0.253266589
-49.06198757763974,0.220640262
-88.23955445544551,0.254373308
-56.29410404624274,0.653170795
-63.124857142857095,1.2229014740000002
-75.69207317073167,0.408821311
-84.26881443298964,1.019009189
-56.23749999999998,-2.116397617
-72.45642857142855,-0.256244635
-78.0922516556291,-0.606895841
-58.135286624203786,-1.214881253
-110.43376288659789,0.469043768
-97.55081081081076,-0.406540947
-55.12139072847678,0.556225571
-64.32657894736838,-0.581659268
-109.56159793814429,-0.639122344
-127.28249999999997,-1.120507299
-93.69961783439487,-1.509700571
-110.87639534883718,0.14587873699999998
-116.29995049504946,-2.629611905
-125.2911864406779,-0.7229620790000001
-82.92639344262291,-0.489722963
-46.91753521126759,0.031524594
-134.65334975369456,-0.954180142
-122.1891860465116,-1.011278343
-38.01722222222219,0.230335717
-72.8508620689655,0.220971467
-45.909192546583824,-0.6052157020000001
-57.28205882352937,-1.340719333
-104.08746268656714,0.437422852
-80.46230769230766,0.6246790879999999
-89.76131578947367,1.026815279
-99.14571428571426,-0.136519785
-88.39999999999998,-0.26013064
-95.2163793103448,-0.315739242
-73.75888198757762,-0.129758457
-114.2570408163265,-0.769008705
-107.1265789473684,0.111872653
-70.33214285714281,-0.883537828
-80.6173913043478,0.925734335
-83.54741379310342,0.564178555
-103.17142857142854,1.01346899
-86.16190476190474,0.019739515
-85.36257142857139,0.6722925959999999
-72.68499999999997,-0.101555009
-67.73264705882349,-0.934732434
-124.81331658291455,-2.307657979
-109.08366834170852,0.16998814899999998
-93.77914572864319,-0.228202855
-89.60499999999998,-0.078677586
-115.16999999999996,-0.897239358
-82.45652173913041,-1.385954048
-96.43874999999998,-2.307499375
-86.3437869822485,-1.12417843
-97.60527638190952,-0.87656742
-100.38804347826085,-1.300679398
-91.08571428571425,-0.592005772
-139.13899999999995,-1.0453398740000002
-108.56700598802394,-2.319747409
-114.62470297029698,-0.453465075
-105.89768472906401,0.435490337
-54.00086092715229,-0.898352605
-78.35502793296085,-0.091202393
-74.38774566473984,0.324048269
-122.81137055837559,-0.6559581329999999
-93.33058823529407,0.790704112
-116.48043478260865,-0.986988435
-128.72590909090903,-0.456771963
-105.57213903743312,-0.8528521720000001
-136.49641791044772,-1.178376039
-99.83729729729727,-0.674413444
-95.79021739130432,-0.041250227
-122.74409090909086,-0.699823548
-119.79214285714284,-0.78354654
-106.23605263157893,0.274767866
-102.71384615384612,-0.7037289409999999
-76.92435064935061,0.227246688
-118.27499999999998,0.7489554890000001
-87.59609890109888,-0.100796346
-104.79863636363633,-0.716442767
-86.53615384615381,-0.928542452
-109.59896039603957,0.096782583
-71.42173913043476,0.198116759
-89.8786528497409,0.575136517
-97.90375634517763,0.081029242
-144.03969387755097,-1.741490658
-84.28454545454542,-0.046594079
-71.61421052631574,0.160049511
-78.20870967741934,-1.0733541000000002
-60.81140449438199,0.463880718
-72.23694915254234,0.030959164
-98.49608695652171,0.059704683
-75.50499999999998,-0.4668195470000001
-95.11428571428569,-1.503172935
-81.74657894736839,0.593029307
-105.4809359605911,-0.272154008
-21.47999999999996,0.008822918
-70.39499999999995,-1.120484394
-101.1092682926829,-2.074318007
-64.6073988439306,0.659357489
-84.26881443298964,-0.7021856040000001
-72.93067010309274,0.607157733
-120.12424870466316,-0.8667942270000001
-130.1118781725888,-1.054659865
-119.14868421052628,-0.573610547
-48.98388888888884,0.8027627829999999
-114.04499999999996,-1.063358784
-117.04209677419351,-1.259489664
-108.2284615384615,-0.928510729
-113.90016393442619,-0.901117986
-99.12866336633658,0.861779838
-72.14547770700634,0.170972345
-115.05318181818177,0.446698097
-76.46452513966476,-0.929380334
-66.56346820809244,0.393562039
-111.21644670050759,-1.624428478
-98.70499999999997,-2.9307666460000004
-94.22338983050844,-0.426009233
-63.22714285714282,-0.056144523
-106.71256983240221,-1.560700658
-103.50113772455089,-0.287080965
-114.06374999999997,-0.5503987370000001
-100.59566844919783,-1.564971397
-102.07029411764702,-0.5901817629999999
-120.23472081218272,0.699182731
-109.92590909090904,-1.040647035
-95.5483246073298,-1.861507512
-77.92151685393256,0.41702917
-107.1265789473684,-2.3111475180000003
-86.58499999999998,-0.313049974
-55.62807692307689,0.226125373
-80.3440721649484,-0.531587618
-114.64130434782606,-1.301436029
-66.28584905660374,-1.196385858
-60.197096774193525,-0.7982918459999999
-79.39732558139531,-0.244359685
-88.08023121387278,0.76450389
-89.62911764705878,-0.672687728
-108.72735751295333,0.199687267
-100.95318181818176,-0.279951755
-94.30499999999996,-2.05197829
-55.89304347826085,-0.5754147
-82.00180327868848,-0.8382237640000001
-115.88567839195977,-0.939374758
-57.810059171597615,0.62587834
-116.41926966292132,-1.6860577419999998
-37.702567567567556,1.332118919
-54.73373417721514,0.052490473
-66.64054216867467,1.5978698409999998
-67.0888397790055,0.568791653
-102.70678391959797,-0.8131937490000001
-111.4957766990291,0.124536598
-65.5454237288135,0.128857544
-93.26529702970294,-0.511391002
-84.47789156626503,-2.778515087
-85.49523316062174,0.010803516
-70.12999999999997,1.104488747
-29.81868421052627,-0.536890434
-94.03878172588828,-0.154503372
-105.41591160220992,-1.588661778
-77.42972972972969,0.729105439
-41.278301886792434,0.4694777
-65.00877300613496,-0.702123724
-63.98736526946105,-0.6108308729999999
-67.79999999999997,-0.728360793
-122.1859701492537,0.190036692
-67.89529411764704,-0.6916473470000001
-85.02050761421316,-0.651409644
-85.36089005235598,0.512359829
-89.13923076923075,-0.707411103
-95.05452261306529,-0.033961057999999995
-79.79678756476682,0.682031464
-38.910645161290304,0.49588364
-53.101612903225785,1.378184677
-32.97449664429527,0.464625783
-115.73186440677964,-2.217939181
-82.00270270270266,0.297964401
-97.32,0.273022642
-80.04570680628268,0.459932235
-83.47619047619044,0.739487555
-104.37136363636358,1.294290964
-43.70914634146338,1.541671879
-60.26794117647056,-0.34398012
-66.32011834319525,0.55619397
-99.04585365853656,-0.805155232
-105.25753768844218,0.979971046
-137.99221105527636,-0.74705416
-121.8587700534759,-2.034098092
-87.33491620111728,-0.932738804
-96.63621621621618,-0.391498678
-78.20870967741934,-0.296450678
-100.48571428571425,-0.050461806
-40.393684210526274,1.242843482
-32.55499999999998,0.10280278
-91.38051020408159,0.048205653
-93.82373056994815,0.975200134
-92.72328358208954,0.227889548
-92.11829896907211,-0.68131055
-66.01371257485029,0.041924427
-88.19355670103089,0.202274188
-105.90543478260867,0.913525851
-92.89499999999997,-0.569187796
-99.24409090909087,1.190328647
-96.12846938775506,0.568668511
-80.17613259668505,-0.81034806
-91.59004950495046,0.3562985870000001
-39.19999999999999,0.741025678
-73.62499999999997,-0.995472072
-119.88499999999999,-0.123531157
-68.03052023121383,0.807642987
-102.05014563106792,0.106256152
-110.57502890173404,-1.989034319
-69.44741379310341,0.332933047
-89.80353932584266,0.192928409
-66.21808917197448,0.927169042
-93.56507462686565,-0.6715144359999999
-96.99173469387752,0.660067967
-86.85318181818178,-0.175849361
-97.77402985074625,-1.7578748969999998
-76.85541237113397,0.115457832
-76.97095505617975,-0.313013937
-54.90216560509552,0.56484945
-78.78719512195117,-0.334976582
-86.96999999999997,0.8115163259999999
-73.95461538461535,0.639649888
-91.9804545454545,1.120176184
-87.59715736040606,1.290848776
-51.307058823529374,0.307041243
-85.46684210526311,0.162554017
-79.2947959183673,-0.315435136
-83.9728947368421,-0.301448697
-86.56430693069304,0.378501422
-106.53291457286429,-0.222946427
-98.03040201005021,1.467665465
-97.42336734693873,0.192212964
-80.09641791044773,-0.346383854
-80.06030674846623,0.267636798
-36.37764705882351,-0.107896459
-90.75533678756474,0.195555644
-66.5393854748603,-0.274797382
-103.52109947643976,-0.032950289
-84.97178770949716,0.17873449100000002
-65.71710526315788,0.988936316
-69.0532335329341,-2.301071222
-97.72131578947364,-2.808524781
-86.15566878980889,-2.072703816
-100.09730769230765,-3.352438391
-64.64589403973507,0.574606638
-108.96509316770184,-0.842188983
-74.11587912087909,-0.100216569
-91.09513368983954,0.375498596
-52.842455089820334,-0.816137934
-93.14174698795176,-0.634987162
-82.30075376884419,0.312500441
-88.56227272727268,-2.106774417
-39.43397350993375,0.846838357
-102.15461538461535,-0.234766269
-79.53288590604024,-0.417369423
-101.7121134020618,-1.6921334419999998
-79.2290659340659,0.176314672
-57.94639240506325,-0.306367214
-92.06117318435751,-1.285894014
-120.50238805970146,-0.216738279
-60.31301775147928,1.090944394
-107.7895454545454,-0.66514694
-143.63815789473682,-1.625327383
-58.24642857142854,-0.047198886
-102.19817258883246,-1.535457991
-61.88142857142854,-0.806679665
-95.61919786096253,-1.736050455
-74.97428571428568,-1.578212728
-72.26749999999997,0.7760117540000001
-100.88499999999998,-1.7087660130000002
-61.88142857142854,-0.930922754
-117.49693548387094,-1.686775305
-83.49499999999996,-1.296292486
-68.4141509433962,-0.8222037329999999
-92.45235294117644,-0.8425960220000001
-100.44479591836729,-1.141634645
-84.31327868852456,-1.100204889
-103.46725388601033,-2.025856164
-116.97499999999995,-1.428491792
-115.79499999999996,-1.319758406
-86.5759322033898,-1.209490537
-119.02371727748687,-1.971193545
-72.41454545454543,-1.568775143
-85.21385026737964,-0.669447346
-76.44005494505492,-1.320507075
-75.59124999999996,-1.634697631
-106.92203045685275,-1.480371295
-28.69653061224487,-0.522382942
-92.89073298429317,-1.171892029
-79.38150602409635,-1.1911743000000001
-113.36026315789472,-3.203574994
-80.89615384615381,1.436503439
-115.05318181818177,-3.66836041
-79.88440677966098,-1.297943747
-117.49419689119168,-1.58438395
-67.79999999999997,-1.762893539
-90.45900552486184,-2.528077874
-85.86374999999998,0.383873629
-116.71432835820893,-1.678689313
-87.55670731707313,-2.096309799
-89.00196891191706,-1.471790116
-75.10474576271181,-0.8072927679999999
-71.73692771084333,-1.685742685
-51.77862068965514,-1.822658907
-101.73969387755098,-1.851236687
-63.89571428571425,-0.927039954
-106.50772727272722,-0.784178437
-94.21904761904757,-1.942803646
-70.33499999999998,0.062270013
-97.45341584158412,-2.31601951
-48.435923566878955,-2.367913579
-64.09234939759033,-1.1969034
-90.60324873096444,-1.13804086
-85.14409090909086,0.391168382
-47.80876623376621,-1.160499104
-94.10292079207916,-0.626854713
-98.95399999999997,0.200942611
-84.43499999999999,-0.8685443429999999
-92.97847290640392,-1.255286383
-81.663407821229,-0.307056769
-64.09171428571423,-0.986645931
-65.68352941176468,-0.642891812
-78.20870967741934,-1.464791796
-82.27423728813555,-0.268395178
-106.92935828877002,-2.315213321
-67.9985135135135,-0.76765557
-50.93109756097559,-1.54428469
-85.44056603773583,-1.31374463
-69.49757225433521,-0.024836284
-65.58543352601151,-1.715521981
-120.90688118811876,-2.150387868
-116.5872580645161,-2.563457657
-105.25753768844218,-1.645286253
-82.13603351955302,-1.506979633
-102.63523560209421,-2.081851819
-63.657790697674386,-0.989921915
-93.68954545454541,-1.4535803369999998
-106.19194029850743,-1.594174966
-102.85770053475932,-2.414430879
-76.90489010989009,-0.036227181
-87.49581632653057,-1.085751491
-88.50749999999998,-0.733407447
-58.79577922077917,-2.238164382
-72.99887700534757,-1.3846467409999998
-67.23499999999997,-0.528146781
-77.53401273885346,-2.431045951
-57.95704697986575,-3.229761439
-87.92828877005344,-0.857871736
-109.56159793814429,-2.057801801
-81.2339884393063,-1.350629293
-66.75694267515921,-1.0856204390000002
-62.926129032258046,-1.5519407509999998
-89.44031088082899,-1.239472659
-73.89872832369937,-0.726834636
-95.62872093023253,-2.022772326
-94.21952879581147,-1.117250773
-104.40728643216077,-1.217509269
-75.91745222929933,-3.2139094260000003
-92.02596774193546,-2.071544877
-99.96051813471499,-1.683823376
-69.44741379310341,-3.338290654
-127.78919597989946,-2.217146149
-90.64329608938543,-2.707377649
-113.62312499999997,-2.279783534
-104.06088235294115,-3.070718237
-84.49499999999996,-1.809774192
-103.76251336898392,-1.577429866
-54.92760273972601,-1.554615108
-135.41911764705878,-2.159716076
-95.49829670329667,-1.659576072
-104.73864406779657,-1.61389372
-120.23472081218272,-2.853298148
-90.63499999999999,-1.364178596
-95.99799999999995,-2.2185845630000003
-46.23582191780821,-1.130131848
-71.2810169491525,-0.8699986820000001
-68.5466467065868,-0.243290418
-82.49941176470585,-1.109881758
-82.49941176470585,-2.5999072130000003
-71.94265895953752,-0.95866767
-96.48499999999997,-0.883503775
-107.11917582417578,-2.127381462
-94.22338983050844,-1.877337905
-84.65264705882349,-2.368856329
-81.5369565217391,0.332036628
-69.9385714285714,-1.012834903
-54.308157894736794,-1.436555618
-86.95185393258424,-1.789432346
-69.55982035928142,-1.603581736
-95.66955223880595,-0.161361391
-67.94136363636362,-0.76989626
-92.60899999999995,-0.14745839300000002
-60.695260115606885,-1.077611573
-63.60828571428567,-0.8393844009999999
-57.03272727272726,0.055211105
-65.59413407821225,0.485115124
-85.5713636363636,-0.900441127
-81.45295918367341,-0.975162943
-70.04999999999997,-0.074393372
-56.52299999999995,-0.379957131
-51.79749999999996,0.278434963
-72.85675675675672,-1.773906294
-88.37769662921346,-1.251990702
-101.7121134020618,-0.469289372
-38.61249999999998,0.29292368
-55.0857692307692,-0.315866135
-92.9356451612903,-1.382536058
-61.543684210526266,-1.320423367
-66.28377049180324,0.70560033
-63.874999999999986,-1.141776425
-69.35055555555553,-0.992186958
-105.62438775510199,-1.270860639
-88.61068181818179,-0.819014554
-113.76005025125625,-0.933956739
-107.50748691099473,-1.977920314
-119.80527918781722,-2.158359899
-62.22993670886072,-1.561510027
-82.08499999999997,-0.413637413
-68.93142857142854,-1.2658348999999998
-56.8172222222222,-2.261080639
-61.83451612903224,-2.152497167
-102.5884615384615,-0.6925367840000001
-48.735161290322566,-0.15003615
-79.33256684491974,0.975370996
-102.63612359550558,-1.27451227
-94.30099999999995,-0.050774561
-111.7420103092783,-2.471668157
-67.13124999999997,-0.905980026
-78.68534482758618,-0.660358016
-68.1011538461538,-0.14555091
-51.42148648648647,-0.522167305
-93.32380952380949,-1.427391513
-88.56362694300515,-1.817004018
-85.66625668449194,-1.429487286
-114.62470297029698,-1.753041534
-99.31947368421046,-1.171332861
-91.9804545454545,-1.194476673
-74.11926966292131,-1.045067123
-55.95899999999996,-1.940968083
-50.61172413793099,-2.01721308
-122.97923076923072,-2.524451353
-104.34538071065987,-2.723659077
-103.92937499999998,-2.362822909
-117.49419689119168,-2.002054981
-57.647631578947326,-2.500835952
-101.47479041916165,-2.654973598
-75.58271186440673,-2.149327999
-79.00285714285711,-1.964240942
-51.71693877551019,-0.739408733
-70.53353658536582,-0.588322995
-141.00985148514846,-2.25590829
-116.44451219512192,-0.985550509
-90.39624999999995,-0.7978849379999999
-81.11540372670805,-1.6426108430000002
-96.39352601156064,-3.3519559830000003
-87.92327586206893,-2.783439222
-111.66724489795914,-2.273443711
-76.44499999999998,-2.062823949
-92.35622754491015,-2.0346880780000003
-115.92319371727746,-1.436563785
-55.85415492957743,-1.31066947
-50.74730769230766,-0.921112782
-95.26432432432428,-0.947514257
-114.62026737967912,-1.532702197
-61.542532467532425,-2.268261039
-106.92692307692305,-2.423958975
-87.8075418994413,-1.7992803780000002
-95.55749999999998,-1.220816365
-106.83499999999998,-1.545941286
-84.91999999999996,-3.252689925
-65.22169811320752,-2.175943391
-91.16371428571424,-2.096704127
-115.45164179104475,-2.301775706
-63.52382165605093,-1.260459089
-78.04578947368417,-2.224202112
-77.75778481012655,-1.188691585
-77.5510526315789,-1.74357223
-92.24445054945053,-1.316680123
-118.98499999999999,-2.398856992
-96.88552631578946,-1.883011322
-83.45055555555551,-1.976942795
-112.12380952380948,-1.540664434
-65.20615894039733,-1.021877213
-84.80708791208788,-0.925302513
-101.39288135593216,-3.265157464
-46.815273972602725,-1.973181441
-89.39852459016389,-2.038591112
-116.42989304812832,-2.20915345
-123.3213265306122,-1.538150661
-76.5151351351351,-1.834087362
-74.30948275862066,-2.140026004
-93.47769230769227,-0.632470619
-76.16572192513365,-0.929451821
-70.0806211180124,-0.554195149
-114.62470297029698,-2.342190435
-85.14097938144326,0.211838498
-94.29871134020614,-1.4688354469999998
-71.13155279503103,-1.308811409
-78.8286708860759,-2.195230618
-79.15984293193715,-0.74619518
-69.47580645161288,-0.832042878
-69.68827814569532,-2.466019521
-60.34999999999998,-1.645863449
-121.82026315789471,-1.4338142230000002
-93.75775862068961,-2.081898765
-107.15190751445081,-1.845326239
-110.68868421052629,-2.546849825
-61.13905405405404,-1.989715956
-94.73479381443295,-2.538206658
-112.51327868852454,-2.515962206
-120.94999999999996,-2.387704029
-139.02179104477608,-2.6793157290000003
-80.36237288135588,-1.465205893
-64.19883561643834,-1.885562692
-121.97142857142853,-2.629239827
-106.43837078651683,-2.87336216
-58.67999999999998,-1.877797976
-120.1369346733668,-2.249575147
-103.39693548387095,-2.56608741
-101.20918918918915,-2.282976621
-50.00805369127514,-2.754823687
-100.44763157894735,-2.712360513
-75.37859872611462,-1.746873455
-67.60386503067481,-2.76705717
-98.06499999999997,-0.135336551
-71.03569767441857,-0.63025114
-102.76499999999997,-2.624734335
-64.98299999999996,-1.76263297
-83.49499999999996,-2.290895211
-101.43140703517587,-1.642834699
-101.76739130434781,-1.61345839
-89.84792899408282,-2.63413666
-73.44299999999996,-1.545126414
-59.36344827586203,-1.554428476
-91.61970588235292,-1.56567436
-94.86684210526312,-2.467363877
-89.06463855421684,-2.292128032
-103.60699999999996,-0.528836259
-123.3213265306122,-2.239869305
-77.37885245901636,-0.565012179
-112.68499999999997,-1.638582206
-111.41999999999997,-1.852132264
-84.3159302325581,-2.404343223
-113.76005025125625,-2.18070991
-35.27176470588232,-0.961664543
-59.14298342541433,0.573210593
-95.6899397590361,-1.391437764
-96.12428571428569,-1.942847944
-91.98763157894734,-0.91332221
-81.36476744186042,-2.400624822
-83.4288571428571,-1.376693965
-78.54052631578944,-1.842262569
-86.47657303370784,-1.39689237
-89.7770149253731,-0.554561822
-108.09523809523806,-2.578698123
-63.203684210526276,0.004845971
-108.40016129032256,-2.101864207
-109.56159793814429,-2.060765765
-69.56011627906973,-2.948082775
-115.38562499999998,-1.365825269
-59.74785714285713,-1.93576523
-65.01624999999996,-1.407267637
-88.06093406593405,-1.38205048
-83.54741379310342,-0.841382898
-102.85770053475932,-2.911821912
-91.31478021978019,-0.8023847270000001
-103.11921052631577,-2.483672957
-91.01499999999997,-1.560953864
-67.34999999999997,-0.952408653
-82.21202312138723,-0.115975286
-89.65397959183669,-0.396491431
-27.44999999999999,0.145801428
-106.92692307692305,-1.849974037
-80.72609137055835,-0.754267857
-87.47758064516127,-0.092494139
-92.78949152542368,-3.52967539
-98.03040201005021,-0.987045844
-69.89285714285711,-0.938611338
-49.06198757763974,0.260860865
-45.66249999999998,0.340046313
-87.98026315789471,-0.712406469
-58.83679245283017,-0.621882387
-70.19895705521469,-1.319814571
-80.17613259668505,-1.215729655
-36.78299999999996,-2.665929152
-82.1990449438202,-1.638060996
-70.62473684210522,-1.888094473
-72.18248447204965,-1.415263484
-112.97557377049176,-2.955537104
-94.06428571428566,-2.042323075
-95.54973684210525,-1.243428618
-61.67316770186332,-0.102268805
-60.78624999999995,-0.739039881
-110.35756345177663,-1.494777161
-105.03521739130433,-2.097133615
-69.50182926829265,-1.413449161
-71.75898305084742,-1.671130915
-94.23562499999997,-1.265389818
-106.09730569948184,-1.093147648
-51.46419354838707,-0.526481968
-93.87598802395206,-2.224234664
-73.52624999999999,-0.124706122
-97.35763736263735,-2.270804192
-96.56010204081628,-1.7872453469999998
-68.30611111111108,-1.036649589
-56.31982758620687,0.966852238
-87.16771573604056,-0.0056605940000000006
-86.98311881188116,0.944228368
-83.74186528497405,-0.206824252
-82.02428571428567,-2.311167262
-44.476357615894,-0.362456896
-91.81214285714282,-0.932491813
-97.25754098360652,-2.008061222
-109.7221465968586,-2.612573884
-74.58263157894733,-0.699655758
-63.69818181818181,-1.866238347
-63.471764705882336,-1.934350681
-93.97030612244893,-0.260550387
-72.70795031055899,-0.699703008
-78.04949748743716,0.474791758
-102.23499999999994,-0.1977973
-55.1181208053691,-1.311346131
-89.22234693877547,0.120219521
-108.6877348066298,-3.403929754
-45.095759493670855,-0.422689384
-92.03249999999998,-1.765622063
-96.93223880597013,-0.8395493490000001
-69.47830188679242,-0.908395465
-68.37350318471334,-1.1121191000000001
-101.22272277227718,-0.7700243720000001
-111.66358208955221,-2.077954975
-92.72328358208954,-0.129388122
-76.8486842105263,-0.4362848170000001
-111.05094240837693,-2.7936988030000003
-85.72659090909089,-0.861131622
-57.647631578947326,-1.532197091
-97.35238095238093,-0.474787405
-111.64399999999995,-1.583809005
-101.73969387755098,-1.155976378
-81.19078212290499,-0.118755341
-87.64931818181816,-3.16421232
-110.35318181818177,-1.6092045169999998
-95.11428571428569,-0.817092833
-95.57709844559582,-1.499107861
-81.97857142857139,-1.16090423
-95.10539267015703,-2.337213633
-88.5257692307692,-2.577482006
-106.71256983240221,-2.743860438
-45.20280254777067,-0.728201731
-85.7001639344262,-0.860671205
-88.98954545454541,-1.908988292
-109.27999999999997,-3.320428525
-115.90772727272723,-1.559778494
-59.368867924528274,-0.275191768
-109.50908163265301,-1.286254435
-89.32825842696626,-0.641284526
-104.32948979591832,-1.127962135
-74.58263157894733,0.281559715
-56.89653061224486,-1.655468725
-72.82781065088756,-1.039734313
-116.90538461538459,-1.320275767
-84.02653631284912,-1.212478027
-111.63499999999995,-2.641667307
-76.46452513966476,-1.826667527
-86.16245901639341,-0.799008211
-96.96485714285708,-1.4872966
-61.67329479768782,-1.25140093
-86.16245901639341,0.079093893
-96.12846938775506,-1.304138548
-66.92256097560973,0.024740431
-83.55391061452511,-0.502556048
-73.95272727272724,-1.519120403
-54.26699999999995,-1.101336442
-71.29546961325963,-0.295551613
-118.01130653266328,-3.075393325
-59.42423076923072,-0.006220476999999999
-93.77142857142854,-1.369069343
-98.7626395939086,-1.052443255
-80.14396551724134,-0.67755485
-93.04384615384612,-1.384305523
-58.88192307692303,0.06914782
-47.837947019867514,-0.73580158
-111.20929648241203,-2.18172358
-97.78737113402056,-0.615923701
-61.28430463576156,-1.0129139
-67.95914285714281,-0.486463823
-78.45050847457622,-0.909047164
-64.64589403973507,-0.8999508079999999
-70.71852941176468,-0.835897448
-89.9202747252747,-0.522537934
-80.15262295081963,-0.313097629
-32.87999999999997,-1.009308845
-67.15018072289153,-0.555041377
-96.9484615384615,-1.872513112
-53.44346938775506,-0.8574027540000001
-71.32686813186811,0.071064667
-69.27921052631577,0.5664804929999999
-92.78949152542368,-2.950134962
-100.87642857142853,-1.737087807
-90.63809523809519,-0.353889334
-75.04554945054942,-0.8403729129999999
-80.44409090909086,-0.245285845
-61.76402439024386,-1.060387139
-59.66040268456372,-1.040422903
-109.52999999999996,-2.165763445
-89.07717821782175,-1.007234375
-109.98499999999997,-1.789305774
-106.17869109947641,-1.825820602
-62.279878048780446,-1.254648581
-73.98686046511625,-1.14153601
-63.970736196318995,-2.375846218
-86.58499999999998,-0.45676182
-100.39886010362692,-0.510812498
-70.41982758620686,-0.104264817
-87.98026315789471,-1.074707578
-55.83064516129029,-0.200083077
-73.59315789473679,-2.744457798
-83.54741379310342,-1.884352312
-84.29565217391303,-1.231130424
-68.49104972375686,0.544241454
-69.98658959537568,-0.405497904
-103.39693548387095,-1.7118124730000002
-94.10379120879118,-0.987073566
-52.32006622516553,-1.052467727
-66.81792452830186,-1.594132675
-118.47733009708735,-2.536215683
-104.76112244897955,-1.203183046
-92.03249999999998,-2.2690671630000003
-73.70954545454543,-1.742900661
-62.46047945205477,-2.8628606480000003
-72.2750306748466,-1.963136047
-74.28434782608693,-0.785718989
-115.38562499999998,-1.821397193
-71.73692771084333,-2.601497993
-92.4478010471204,-1.133677933
-76.51636363636361,-1.858831637
-89.34727748691095,-1.392789957
-93.04384615384612,-1.5020675369999998
-78.49928571428569,-1.797681344
-81.72590909090904,0.500062235
-99.11769230769227,-0.537186659
-103.51681818181815,-2.709285623
-76.57129032258061,-2.788857384
-61.36454545454542,0.049295932
-90.63499999999999,-2.314187741
-109.56159793814429,-2.64902363
-76.06684210526312,-1.780304797
-80.13562499999999,-0.107939666
-87.83769230769227,-0.35986687700000003
-79.07299999999995,-0.460316546
-95.17087628865976,-1.871824065
-90.91699999999997,-0.057944357
-80.20499999999998,-0.536029213
-111.73216748768469,-1.324551328
-81.31830508474573,-0.136892383
-73.73184210526313,0.25546054100000004
-108.09523809523806,-1.198928071
-69.39499999999998,1.289275816
-83.4125824175824,-0.621972263
-54.308157894736794,-0.911057055
-79.21278145695362,-1.580970414
-113.62312499999997,-2.360009235
-50.84174698795178,0.375587404
-84.29565217391303,-0.698302533
-104.52608695652171,-1.6071606999999999
-79.82264044943818,-1.55135919
-86.31499999999997,-1.923365193
-83.15970588235291,-2.427809564
-101.3392893401015,-1.522596145
-82.04700534759355,-0.7278850570000001
-86.71977900552481,-1.551526394
-102.67394736842104,-1.298340818
-92.14497536945811,-0.365093118
-89.9916022099447,-2.416530915
-124.93710526315786,-1.901919437
-97.88331460674154,-3.101971906
-81.01421052631574,-2.5859083590000003
-90.19047619047616,-2.246007796
-90.8100515463917,-2.608282048
-133.21699999999996,-2.187431065
-80.33475609756093,-2.882630345
-106.19194029850743,-2.54349878
-94.7775155279503,-1.944704673
-117.93253886010359,-2.348231172
-105.25983516483514,-2.311410774
-118.83499999999995,-2.760374038
-87.79636363636361,-3.53168686
-104.45499999999997,-3.415781255
-53.13635135135134,-1.832601247
-67.78388888888885,-2.33969165
-110.40089552238803,-1.121301841
-86.19921052631577,-1.115069379
-110.67435483870966,-3.346191939
-93.00642458100555,-1.942116474
-131.6153266331658,-2.068389326
-104.26067796610164,-3.052081257
-107.65782122905023,-2.816911847
-102.29499999999997,-2.742465489
-102.60295918367342,-2.017839895
-96.52401069518713,-1.84306115
-132.98635467980293,-2.321029886
-69.98213114754095,-3.236543305
-88.06093406593405,-3.309177688
-97.09351351351347,-2.422319978
-132.5713636363636,-3.25298965
-97.83499999999998,-2.095160981
-111.20772727272723,-3.585369303
-109.27921465968582,-2.341073206
-68.45499999999998,-1.638644093
-107.93499999999997,-2.327443133
-115.30248704663208,-2.518638411
-128.32528795811515,-2.129030307
-80.10545454545452,-1.41070113
-73.00611111111108,-1.054182004
-94.02147540983603,-2.373624272
-58.77899999999997,0.401052549
-73.40971098265891,-1.676793243
-52.4518867924528,-2.113772662
-61.034999999999954,-1.876345467
-84.28454545454542,-2.198923199
-105.21629032258062,-2.80187364
-127.63765306122443,-2.5151439140000003
-89.79020942408373,-1.776978164
-69.72613924050628,-2.014503916
-72.13867924528299,-2.383689042
-104.40728643216077,-1.480732779
-71.33246835443035,-1.666457149
-104.52608695652171,-1.076314585
-107.41233160621759,-3.463880769
-99.37999999999995,-2.308546397
-112.48954545454541,-1.660478773
-74.388064516129,-1.19023444
-80.03192307692302,-1.461231114
-107.83699999999996,-1.168033005
-100.95590163934422,-2.217568481
-67.78388888888885,-1.215503634
-87.23337579617834,-2.510224011
-79.14999999999998,-2.706857232
-100.45304878048776,-2.183355813
-108.40016129032256,-2.618078358
-86.28337209302323,-1.0819110159999998
-100.66790322580644,-2.500023894
-76.94619631901837,-1.370184186
-103.02036082474221,-2.433276992
-93.47905027932957,-1.666339889
-50.27999999999996,-2.857672989
-70.54245283018865,-1.625672262
-130.97076142131976,-2.5263536280000003
-103.31010695187162,-2.764440437
-80.25595375722538,-0.054006613
-62.72699999999996,-2.116463269
-71.28428571428569,-1.998301479
-115.03542713567836,-2.254569968
-81.60258620689653,-3.000127312
-69.0532335329341,-2.736007299
-106.17869109947641,-2.757737747
-82.10642857142855,-1.713551786
-97.38499999999998,-1.755899818
-101.53104651162786,-2.556878206
-83.36999999999998,-2.541124121
-104.00973684210523,-1.936371534
-109.73950819672126,-3.394874047
-81.49514285714281,-1.429361395
-99.30577889447233,-2.162795917
-69.77499999999996,-1.716466096
-118.47136363636359,-1.5803638569999998
-97.71983606557373,-1.6178738469999998
-90.59355421686743,-2.925890992
-71.34429577464786,-2.45685538
-110.95220338983046,-3.676267773
-53.67363636363632,-2.944232724
-81.16588235294114,-2.8149618810000003
-110.480725388601,-0.611789473
-100.53499999999997,-3.335810315
-84.49916201117314,-1.769661427
-99.14285714285711,-2.211636229
-67.16157894736837,-2.937519464
-113.54911917098441,-3.276238011
-81.83846153846152,-2.518195158
-117.7871122994652,-2.194476549
-108.63979695431469,-2.385984476
-111.27420792079204,-1.172236203
-102.5842783505154,-2.953939103
-97.59147058823527,-2.407964427
-104.96190476190472,-3.636833783
-80.4390909090909,-1.16733657
-103.17142857142854,-2.281196002
-92.47312499999998,-1.119710491
-95.79021739130432,-2.463242714
-114.60499999999995,-2.201092557
-123.3213265306122,-2.665885396
-95.65728813559318,-2.050123173
-109.94071428571424,-2.321692814
-105.72199999999995,-1.2667610459999998
-92.83499999999997,-1.759131575
-85.76950920245396,-2.862763453
-66.56582822085888,0.004187281
-89.29693548387094,-1.472442259
-95.20983870967738,-1.770700571
-70.57299401197602,-1.147913854
-136.16262886597934,-2.2233635080000003
-102.80508196721308,-2.39059848
-96.88254335260112,-2.66580066
-84.47736842105259,-2.552533902
-125.28499999999997,-2.497270881
-114.43521739130433,-2.719395904
-93.42169811320753,-2.519764895
-82.21202312138723,-1.814917438
-79.68942675159234,-1.988615783
-78.87186746987948,-1.683489623
-95.11428571428569,-1.76392627
-56.59837662337658,-1.179981502
-87.2903592814371,-2.793213392
-114.56749999999997,-1.696484052
-133.97685279187814,-2.846160809
-90.59355421686743,-2.559770934
-124.83499999999998,-3.639935554
-92.42499999999997,-1.041656664
-125.81746192893397,-3.64289216
-98.03040201005021,-2.278462418
-99.63499999999996,-1.81048116
-113.98746113989633,-2.815430619
-120.37615384615381,-2.319227544
-102.458938547486,-1.803128658
-83.15970588235291,-1.82895049
-114.18517587939697,-1.852586129
-64.82596273291922,-1.178851866
-93.89243243243239,-1.604197427
-98.3895454545454,-2.125428401
-100.95590163934422,-2.32817047
-66.68902097902094,-2.348879783
-115.38562499999998,-3.195814315
-121.43927461139893,-3.037707345
-78.79763157894732,-2.37252525
-102.48725806451611,-3.3736000510000004
-120.5053658536585,-2.755436885
-65.44259493670882,-2.58066491
-95.39863636363633,-2.036273591
-117.98899999999995,-2.908671185
-86.09796610169487,-2.177340304
-65.67923566878977,-2.771850362
-43.33856164383559,-0.675484106
-69.73887096774192,0.603083106
-62.41368098159508,-0.511090666
-46.37099999999995,0.557032679
-78.79499999999996,0.213840367
-77.88702702702699,0.226051243
-61.377857142857096,0.845298282
-53.194999999999965,-0.973264568
-64.09913793103446,0.213225724
-59.36357142857139,1.2562954
-67.01637931034479,-0.567859467
-126.3949253731343,-1.7673377680000002
-47.16912751677849,-1.657961295
-129.9207692307692,-3.038175323
-48.72735849056602,-0.203507979
-79.38499999999998,1.275683999
-78.75055555555551,-1.484356036
-87.70772727272723,-0.583696639
-74.2875916230366,0.800924596
-48.872483221476486,0.940750978
-58.19655172413789,-1.989870433
-47.35821656050953,-0.149306425
-84.74648648648645,-0.584273721
-96.18499999999997,-2.1892308590000003
-36.19359154929576,0.35870375600000004
-39.83710526315785,1.177972616
-25.07999999999997,-0.680406408
-118.12918918918916,-3.204948742
-116.33499999999995,-2.467111578
-48.30841772151895,-0.247205703
-99.38199999999995,-2.115730196
-71.02756756756753,-0.6239427329999999
-50.3321084337349,0.7944078590000001
-55.42849397590358,0.259716548
-109.6437967914438,-2.358667038
-40.56067567567567,0.16848627300000002
-33.83132450331122,-0.63975029
-83.58916230366489,-0.6552987029999999
-52.74024844720495,0.936082831
-39.56850649350645,-0.6034420770000001
-94.08106741573032,-3.1016425460000003
-101.74937172774865,-3.5439874060000003
-71.1870680628272,1.052183905
-70.64854838709675,0.183285383
-61.198488372092996,-0.533508899
-55.64999999999998,-2.836400575
-96.5961764705882,-1.561415394
-119.59149484536076,-2.913001967
-107.35147208121825,-2.31050877
-118.57336734693874,-2.41721102
-93.84532258064513,-3.53942996
-118.5807853403141,-1.455174094
-111.12919354838706,-2.291102447
-92.87815789473682,-2.158912225
-71.11947368421048,0.393651401
-50.07900662251653,-1.7808379330000002
-89.22499999999997,0.247436299
-103.36390532544377,-1.902984077
-110.43376288659789,-1.374108359
-39.19999999999999,-0.601601499
-72.7194630872483,-2.403804934
-100.61148351648349,-2.846766899
-97.73268156424577,-3.596750775
-118.8168965517241,-2.978524086
-105.79078947368419,-2.691530384
-127.51521739130433,-2.493544356
-76.02548387096772,-1.78905053
-115.03542713567836,-2.07868661
-105.7246703296703,-2.785488375
-69.23344155844151,-1.883648915
-75.6160126582278,-1.5035054719999998
-65.13058823529408,-1.732828438
-95.13686046511624,-2.793147802
-115.35355828220855,-3.088371668
-88.58939226519334,-2.476984216
-87.43706896551721,-1.261651996
-75.33527950310557,-2.194383485
-77.29149484536077,-0.0800949
-62.31538461538459,0.024668264
-103.51681818181815,-1.697271948
-72.10894736842101,-1.495246562
-97.76062499999998,-2.247699737
-69.84711864406775,-0.483464856
-58.4149101796407,0.8239632029999999
-85.5713636363636,0.853612643
-113.77136363636359,-1.4127050719999998
-84.90499999999999,-1.686487447
-69.49757225433521,0.398470929
-45.40289473684207,-0.959596062
-97.10772727272723,-0.238184595
-118.00147058823525,-2.538234476
-63.471764705882336,-1.896578016
-113.36826732673264,-2.496833038
-49.190999999999946,-1.863075566
-91.35559322033893,-1.895443508
-68.98224489795916,-2.348893092
-53.32071428571426,0.831305373
-26.459650349650303,0.514309064
-96.63621621621618,-1.291893764
-69.43499999999997,-2.193262606
-88.19355670103089,-0.429123599
-79.38150602409635,-1.530380628
-43.565882352941145,0.06665353
-89.52788944723615,-0.784494976
-43.34288732394366,-0.529575682
-66.75694267515921,-1.643398074
-57.76115606936412,-1.000528196
-63.8274390243902,-0.95282901
-78.22833333333328,-1.283404874
-85.61999999999995,-0.412664873
-78.38080645161288,-2.355404131
-38.88342657342653,1.078380806
-77.85869565217388,0.473172404
-92.03249999999998,-1.052631917
-53.18924657534244,-0.685224828
-37.81903225806448,0.60625712
-50.05248407643309,0.552231143
-64.6896226415094,-1.507738799
-54.98181818181817,0.8872512859999999
-55.97987261146494,0.356843257
-81.5369565217391,-0.715306862
-62.81597633136093,-2.273949732
-51.289615384615345,-0.583532619
-59.90094339622638,-0.270183309
-77.22672413793101,-0.20107465
-78.87207865168537,-0.408106535
-58.55967741935481,0.339971588
-48.90746753246749,-0.419731503
-64.21090909090906,-0.056406551
-64.48749999999997,-0.081595481
-55.73058823529408,-0.519230627
-58.310650887573956,-0.8032629729999999
-100.93333333333331,-0.7552867740000001
-117.61681818181813,-3.431114154
-57.03272727272726,-1.572730112
-56.089634146341425,-0.144546229
-58.90611111111107,1.103341259
-61.721694915254204,0.13819871
-66.78941176470585,-1.002324736
-71.29546961325963,1.088157073
-22.606206896551683,-0.19506093
-50.80285714285711,0.716756594
-95.69683673469383,-0.774668028
-64.06521739130433,0.089047105
-66.57499999999997,-0.018214118
-55.14742331288342,-0.292949238
-60.994999999999976,0.56670268
-61.03451807228912,0.288768108
-41.9070588235294,0.588440804
-76.44005494505492,-1.253895746
-75.06983146067412,-0.539312321
-58.85999999999997,0.251353117
-92.92889447236178,-0.30538342
-35.80568493150683,-0.431388566
-68.66304347826086,-0.923925664
-57.86166666666662,-0.042496962
-56.80887573964495,-0.149773849
-69.05754098360653,-0.317670184
-40.730999999999966,-0.092406451
-53.45884615384611,0.909419695
-90.07099999999997,0.5920796620000001
-25.375547945205454,1.316493176
-98.64187499999998,-0.340544236
-54.048113207547146,-0.177925262
-36.82175324675322,0.605469731
-37.130945945945925,0.493708415
-83.47619047619044,-0.799487257
-73.16508287292814,-1.11705484
-84.37142857142854,-1.097408615
-39.81426751592355,0.971212194
-86.13478260869562,0.11461555
-70.80499999999998,0.079699363
-51.44695121951217,0.482276393
-42.27554054054052,0.236548777
-80.15262295081963,-1.382455667
-53.26571428571425,-0.5161723229999999
-58.995963855421664,-0.121105127
-68.1011538461538,-0.769838472
-52.47865853658534,0.137951681
-54.73373417721514,-0.465871169
-60.31301775147928,-0.28055423
-39.456451612903194,-0.262502177
-73.89872832369937,-0.362712542
-82.45652173913041,-0.093418296
-38.35931034482756,0.440533018
-55.26917721518983,-0.41597369
-58.910280898876366,0.164178505
-64.39928571428568,0.223282208
-71.565243902439,-0.249112213
-39.787919463087206,-0.138491057
-54.40921686746985,0.816261254
-80.13562499999999,-0.122342919
-83.0285714285714,-1.037523038
-46.71006493506489,0.020153195
-50.84174698795178,0.065674223
-75.52967213114749,-0.227430559
-63.1403468208092,0.983627013
-20.06387755102037,-0.189495706
-13.27103448275858,0.006880764
-85.6582258064516,-0.4479397020000001
-39.47999999999996,0.661885697
-73.53499999999998,0.00493344
-42.44344827586204,-0.334656174
-52.381965317919025,0.522033521
-41.7039189189189,0.381140286
-71.74499999999998,-0.349618621
-68.41322033898301,-0.35889912700000004
-66.50135593220335,-0.816671838
-51.329999999999956,0.029162243
-98.3895454545454,-0.0032605240000000003
-53.75157894736837,-0.726209978
-57.810059171597615,1.008282891
-40.548064516129,-0.096164721
-87.57554973821986,-1.435921134
-88.38069518716574,0.143048465
-80.85605263157892,0.33918707299999995
-56.80603448275859,0.7373834979999999
-93.10704081632649,-0.130639229
-83.49923076923073,0.048332444
-52.75292207792204,-0.8257968640000001
-54.98181818181817,0.507236967
-72.21147058823526,-1.3125722640000002
-78.55238095238091,0.902661245
-52.63944444444442,0.369249027
-76.5614516129032,-0.23912037100000005
-74.97142857142853,0.711158299
-33.96299999999995,-0.253503254
-69.98213114754095,1.12429464
-68.93142857142854,-0.940741963
-95.77816831683164,-0.881503978
-67.67065573770489,0.21707516
-33.108275862068936,0.847926538
-74.22864864864862,-0.777331928
-69.56011627906973,-1.257712963
-38.73656050955411,-0.237038257
-64.35434065934062,-0.78202723
-48.39821192052976,-0.6121580529999999
-80.34285714285711,0.126890027
-54.19829113924045,0.065357628
-77.7275773195876,0.139892877
-55.36757763975153,0.492744179
-82.52448453608243,-1.097004912
-44.84631578947365,0.493526931
-68.11981012658222,-0.800782387
-65.56421348314605,0.073434314
-73.7713513513513,0.323143442
-49.379303797468324,0.523273059
-57.77264150943394,0.987861812
-68.5195375722543,0.304712221
-78.71691099476438,0.144414634
-38.12349315068491,-0.448596035
-67.01637931034479,0.221019708
-61.198488372092996,0.847763908
-32.97449664429527,0.898551622
-70.3170224719101,-0.116008005
-62.7561764705882,0.294811559
-43.1946308724832,0.307226901
-72.23694915254234,1.178357171
-65.56421348314605,0.233823812
-39.14235294117644,0.555416606
-78.03499999999998,0.573393122
-30.47999999999996,-0.315092518
-45.38372670807452,0.198952396
-58.26153374233128,-0.274810389
-57.596433121019075,0.551066288
-64.61365168539324,-0.776042454
-82.58095238095235,0.955047261
-44.51266233766229,-0.055765398
-39.28239726027395,-0.03843088
-63.817016574585594,1.065174212
-48.83938775510201,0.292194255
-54.26699999999995,0.767159433
-46.883529411764684,0.118995174
-23.924999999999983,-0.296560369
-37.48352941176468,0.977323053
-63.703631284916156,0.34502973
-47.07263157894732,0.4052752120000001
-35.81342281879192,0.25506381
-66.28377049180324,0.594855871
-77.65714285714283,0.6661157679999999
-37.37110389610385,0.36104051
-67.20836065573768,0.107541264
-67.94136363636362,0.144573631
-74.53374999999996,-1.865126616
-102.76499999999997,-3.008131033
-63.471935483870936,-0.455044572
-83.18181818181816,-2.101678771
-41.75124999999997,-0.755870093
-107.79461538461535,-1.917684721
-88.01163934426226,-1.710588021
-80.5135714285714,-2.084662291
-50.56591836734691,-1.274646431
-61.51722222222217,-1.198710222
-83.91535911602206,-0.743778024
-65.01624999999996,-0.92631875
-98.83861271676295,-0.659302511
-83.67907514450862,-1.220682609
-66.45459459459455,0.244164599
-80.15262295081963,-0.434453496
-76.91655737704914,-0.391464189
-42.4330769230769,-1.585192655
-121.59479591836728,-1.893036688
-100.30566473988435,-3.0421357810000003
-99.96374999999999,-1.3315417
-122.7635828877005,-1.38298969
-57.46806451612899,-1.230297184
-86.58499999999998,-0.417731288
-81.81743455497379,0.277173161
-84.05143564356432,-2.041095297
-70.3447727272727,-1.006358141
-53.38993975903611,0.278696382
-97.26199999999996,-0.274541107
-66.91714285714284,-0.432677528
-95.26520408163262,-0.06086076400000001
-107.50748691099473,-0.674418726
-113.36826732673264,-1.503307098
-85.49523316062174,-1.901160593
-114.18199999999996,-3.182092989
-62.984968152866216,-1.396125621
-116.90538461538459,-1.985606983
-65.44259493670882,-1.829778572
-86.32942857142852,0.041329904
-91.97545454545451,-2.57511146
-94.3497297297297,-2.437427843
-66.11099999999996,-2.008490859
-63.599225352112654,-0.829202648
-71.26758426966289,-0.987863373
-98.1949253731343,-1.063612593
-100.75189189189184,-1.680554848
-56.726428571428556,-0.7692072529999999
-74.10139664804466,-2.273469282
-106.0804545454545,-1.768707595
-67.44721854304633,-2.6169351130000003
-112.50477157360403,-3.041761967
-131.68874999999997,-3.477841745
-67.54150289017336,-1.45565771
-109.93391959798993,-2.708607461
-112.9262686567164,-2.047853485
-118.94639593908626,-2.512059914
-56.04902597402594,-2.180453384
-64.81834319526625,-2.129102586
-74.38774566473984,-1.930774937
-71.52755813953485,-0.655743139
-103.0323170731707,-3.164808116
-75.37859872611462,-1.965985229
-74.79568965517238,-1.6707284430000002
-75.90815950920243,-2.015177447
-101.76873096446697,-1.301586446
-84.78499999999997,-0.7644659420000001
-95.58499999999997,-1.727629634
-98.35798816568047,-1.753390777
-98.404861878453,-2.616035353
-57.95704697986575,-0.75993091
-69.36646067415728,-2.885384516
-65.93192307692304,-1.842191006
-69.8923684210526,-2.012733567
-80.40078313253008,-2.012211289
-77.47370129870124,-3.343134014
-53.443636363636344,-1.274794998
-45.65636986301368,-0.533714791
-74.6603658536585,-2.039424097
-57.147727272727224,-1.782425874
-44.562027027027014,-2.030086654
-66.97932203389827,-0.8889691690000001
-98.00810810810808,-1.319049924
-118.83499999999995,-2.016611105
-112.90979899497484,-1.485908196
-113.26195652173911,-2.711545035
-76.1926470588235,-0.739871464
-104.78227979274608,-2.485969587
-99.59224137931031,-2.675252681
-93.74542372881352,-2.901986777
-127.93365853658534,-2.601069636
-77.39891304347823,-0.375628747
-103.02036082474221,-2.77416827
-91.98499999999999,-1.506059228
-88.63382352941173,-1.114125079
-68.31272727272724,-0.398538899
-66.78941176470585,-1.521462856
-95.82090909090905,-2.457391864
-87.16863636363632,-2.822005817
-93.35716577540104,-1.264322394
-87.49027027027023,-2.109412616
-50.0792857142857,-1.798356059
-114.18895522388055,-2.051922169
-95.5483246073298,-2.155723039
-72.79342857142854,-0.384954233
-88.30353293413171,-3.223443968
-108.76133663366333,-1.057806599
-87.8455621301775,-3.191054044
-74.79475903614454,-2.68623973
-100.2766867469879,-3.473291694
-80.6173913043478,-0.780457475
-114.62026737967912,-1.619339458
-89.28550802139033,-1.199124971
-88.56924855491324,-0.82739846
-113.0190476190476,-2.949987825
-52.94551724137928,-1.638285475
-97.79999999999995,-1.661991499
-76.39528301886789,-0.96924999
-81.1163793103448,-1.68271827
-71.32603550295856,-1.029886829
-76.34381502890169,0.035545146
-96.41599999999997,0.410207317
-71.7428651685393,-1.38178624
-76.83254437869822,-2.590842009
-91.15124999999998,-1.691501234
-58.304716981132046,-1.029448678
-76.14544910179637,0.8409999359999999
-110.66409836065569,-1.472982809
-88.1361764705882,-3.143387402
-86.27718562874249,-3.120642709
-62.23724719101122,-0.072256895
-91.3084615384615,0.224556859
-76.83283236994215,-1.202415911
-67.83838709677417,-0.757147963
-42.44344827586204,-1.199019979
-57.057579617834364,-0.78404479
-81.37450261780101,-0.28101074600000003
-103.07889502762427,0.21845871
-85.20378378378375,0.589001578
-77.5510526315789,0.437436996
-91.86121546961323,-0.580630824
-91.14864864864862,-0.70142277
-54.07176470588233,-0.379864669
-43.01294117647056,-1.033798688
-103.45615384615381,-1.440498588
-65.18263157894732,-1.325550349
-64.30499999999995,-0.610296731
-92.43499999999997,-0.500558945
-68.98597560975607,-1.4243681819999998
-51.79749999999996,0.497026829
-84.57544943820221,-1.075147178
-62.932699386503046,-0.394652628
-60.216463414634106,-0.7494882390000001
-68.5195375722543,0.698203708
-62.932699386503046,-0.452680032
-93.04384615384612,-0.621558611
-72.21089385474856,-0.69788138
-54.40097402597398,1.00540027
-49.09529411764703,-0.57848221
-91.65351758793966,-0.492697273
-70.3170224719101,-1.345053241
-56.53447368421048,-0.416173602
-62.0394444444444,-0.121030652
-52.63842105263154,-1.451268384
-52.75292207792204,-0.571787383
-61.05115384615381,-0.296045795
-62.699999999999974,-1.324563641
-80.85605263157892,-1.819263041
-85.49224137931031,-1.010812418
-77.18388888888886,-0.944329891
-92.99046391752572,0.370307626
-89.29523809523806,-0.230734605
-55.685906040268435,-0.722555848
-98.78604278074862,-1.97585251
-111.20929648241203,-1.392464649
-72.98192307692304,-1.916807411
-129.70193069306927,-3.355931015
-54.594489795918335,-1.3093218290000002
-62.279878048780446,-0.638945148
-95.65728813559318,-1.795773433
-111.66646067415726,-2.516178813
-71.34314285714282,-0.026754507
-48.10908450704224,-1.066312659
-60.74290322580643,-0.52620371
-91.98499999999999,-0.332729519
-64.09171428571423,-0.203188101
-79.52999999999994,-0.7070891109999999
-99.98538461538459,-0.671214268
-76.17742857142854,-0.069266933
-100.27447513812152,0.314463848
-78.87207865168537,-0.361977498
-107.8341711229946,-1.087621777
-93.95108695652172,-0.669352415
-90.65182926829266,-1.40300932
-81.49514285714281,-0.529921906
-110.48192118226599,-2.2565056130000003
-73.31306748466255,-1.19295363
-90.51724489795913,-1.738855026
-58.26153374233128,-1.07681492
-85.33765306122443,0.171158967
-71.45364161849706,-2.362704181
-64.49395209580837,-1.867574933
-73.8422580645161,-1.360540347
-92.42499999999997,-1.487493776
-99.19208121827408,-0.90345299
-59.199999999999974,-0.703416213
-52.74024844720495,0.823503573
-83.37608695652172,0.32007246
-82.22449101796406,-0.5767517010000001
-96.88552631578946,-0.231138452
-94.67624999999998,-0.124091083
-61.03451807228912,-0.673725777
-121.7434146341463,-1.646924298
-62.561666666666625,-1.2699998890000002
-81.36476744186042,-0.578084929
-90.4407692307692,-0.769484375
-119.94230769230765,-1.768397921
-89.29693548387094,-1.6522364630000002
-90.52531791907509,-2.186441667
-100.14704545454543,-1.43205884
-83.23766467065866,-0.35932853299999995
-76.74235294117645,-1.203636018
-81.66676470588231,-0.448541391
-79.70872928176792,-0.776034476
-85.04571428571425,-0.7695529529999999
-111.06404624277451,-1.602807265
-95.70258620689651,-1.4118837030000002
-94.4172222222222,-1.234426504
-101.88049180327866,-2.556269816
-117.36763157894734,-0.775744242
-79.47772727272724,-1.53032668
-86.89552795031054,-1.524661276
-73.67999999999998,-1.192042786
-114.30230769230765,-2.169250566
-52.31947368421049,-1.377255484
-50.07900662251653,-1.461907733
-101.00628140703515,-2.086623467
-94.34538461538459,-0.64619549
-79.2290659340659,-0.636687494
-53.76869863013697,-0.663721971
-76.66166666666663,-0.22357072100000006
-94.10794117647055,-0.871826488
-47.27999999999997,0.387607048
-95.24865671641788,-0.4196909820000001
-74.56499999999998,-0.28903163
-88.38069518716574,-1.837165157
-99.64645320197042,-1.767730154
-59.934670658682606,0.276671488
-56.3400632911392,-1.580279588
-63.606111111111076,-0.288221027
-83.14960674157301,-1.397628284
-36.18071428571426,-0.8173931440000001
-91.81214285714282,-1.763012421
-54.95032467532464,-0.253213709
-72.59695121951216,-0.636261431
-82.00180327868848,-1.36136559
-106.05602040816322,-0.400068923
-85.49224137931031,0.173562301
-84.29370967741933,-0.116506835
-87.50476190476186,-0.768736225
-72.92069364161846,-1.480295605
-87.62624999999997,-1.131979892
-48.86137931034479,-1.672774582
-53.75157894736837,-0.833513087
-40.56067567567567,-1.205215997
-64.30049689440992,-1.03174025
-76.90489010989009,-0.463427538
-87.18718232044195,-0.559436168
-96.68045454545451,-0.565150113
-65.54499999999996,-1.187582354
-61.28870967741932,-1.68110811
-47.1110344827586,-0.296345608
-51.130191082802526,-0.105222174
-66.99228571428569,0.5935598320000001
-72.68499999999997,0.12982992
-96.12846938775506,-0.654343204
-76.5151351351351,-0.176114981
-36.948993288590586,-0.02829402
-70.80499999999998,-0.62782632
-52.00999999999998,-0.527737284
-57.469440993788794,-0.389981467
-105.7246703296703,-1.349666915
-62.135769230769185,-1.28772254
-51.44699999999996,-0.5806449539999999
-93.35437499999999,-1.7681307819999998
-71.15226027397259,-0.7869341540000001
-82.55499999999996,-1.008496236
-95.60695876288655,-1.172303958
-60.22818791946305,-0.548806589
-44.207902097902064,-0.159325458
-42.626845637583855,-0.124092932
-54.3481506849315,-0.258175247
-70.5289171974522,0.289033196
-76.41932989690716,-0.129181642
-98.8129556650246,-0.436762279
-56.283529411764675,-0.521839701
-42.61999999999996,0.454251381
-80.34285714285711,-0.351625969
-77.93249999999998,-0.36873046
-83.00772727272724,-0.974150676
-61.69034883720927,-0.133873217
-78.10476190476186,-0.7667638840000001
-36.479999999999976,0.561113556
-51.195172413793074,0.027568233
-73.47424050632907,-1.587215433
-89.05826589595372,-1.199957182
-61.67316770186332,-0.556143721
-54.26699999999995,-1.173475813
-75.30439759036142,-1.695788714
-79.8360946745562,-2.163125398
-95.33043478260866,-2.306659296
-119.59149484536076,-2.421414288
-47.07263157894732,0.484153776
-69.188734939759,-0.5637588570000001
-84.77557377049177,-0.629101667
-51.307058823529374,-0.599905635
-90.6614516129032,-0.624756286
-83.52763157894735,-1.402129583
-62.67272727272726,-0.974890434
-103.31678217821778,-0.71340362
-104.40696335078532,-0.981523964
-88.86216216216214,-1.059070623
-80.63081081081077,-0.788881163
-88.13499999999996,-0.8206998940000001
-66.75694267515921,-0.159054045
-94.73479381443295,-0.495233216
-92.07864321608038,0.548825845
-73.89872832369937,-0.780167849
-47.27768211920528,-0.193262027
-80.67347150259064,-1.647891253
-46.27689189189188,-0.930511342
-50.20117647058821,-0.96427267
-64.08562913907282,-1.079335149
-70.94571428571425,-0.763638068
-77.83104712041882,0.501851747
-94.2472330097087,-0.015542567
-100.95318181818176,-0.140159605
-71.33246835443035,-1.639353583
-65.40642857142853,-0.021926319
-76.20792682926825,-0.965469031
-67.43841463414631,-1.188880582
-72.32721893491123,-0.267158712
-99.53170103092779,-2.363743905
-82.84249999999997,-1.5423145269999998
-61.248170731707276,-0.41443230000000003
-100.58382352941173,-0.9595908999999999
-75.21057142857138,-1.650243264
-83.80386363636362,-0.983660168
-66.47423076923073,-0.511124158
-67.50258620689652,-1.733871706
-84.49916201117314,0.164394991
-75.97521978021976,-0.654382262
-75.54511235955054,0.342018224
-54.308157894736794,0.099996638
-65.89085365853656,-0.109608482
-57.091052631578904,-0.360293826
-94.94606557377045,-1.717180244
-93.42654639175254,-0.647403626
-76.44616279069764,-0.286247192
-65.74205882352938,-0.212790721
-49.190999999999946,0.33573749
-93.73082872928173,0.434447474
-95.40836065573767,-0.921552869
-78.92847457627114,-1.2931678999999998
-54.048113207547146,0.28646735100000004
-51.89214285714283,-1.00850791
-64.9028571428571,-0.435472611
-118.41199999999996,-0.620368143
-48.83938775510201,-0.448780834
-58.40650349650346,-0.479415332
-88.51432835820893,-2.076771965
-68.45499999999998,-1.303200077
-65.37499999999997,-0.5070222870000001
-85.27192307692304,-0.824196587
-104.34393782383415,-0.5162316889999999
-106.07293814432985,-1.734927169
-65.38961538461535,-1.679017079
-88.85297752808985,-0.969682171
-47.974178082191756,-0.51751712
-76.06067796610166,0.293242284
-65.3189349112426,-0.509803903
-82.36181818181815,0.558974921
-98.6665789473684,-1.134066623
-61.84374999999997,-1.501889929
-69.2255882352941,-1.012393435
-50.0792857142857,-0.049400525
-102.89797029702966,-0.32165293
-67.82189349112424,-0.739089228
-75.97521978021976,0.145040213
-52.41294117647057,-0.848789922
-61.69449367088603,-0.6978402220000001
-36.60896551724136,0.125885031
-61.76402439024386,-0.012844179
-99.53471204188477,-1.170053667
-86.11837837837834,0.050397486
-91.63202072538857,-1.41812905
-82.91630434782607,-1.700618764
-68.23029411764702,-0.938620675
-80.15262295081963,-1.105646701
-89.28499999999998,-1.646760068
-62.70894736842101,-0.5894011339999999
-38.27418918918919,0.079328186
-86.48382352941172,-0.416301583
-85.23499999999999,-0.61894531
-44.2164457831325,-0.610173609
-87.95238095238092,-0.698774597
-62.16299999999994,-0.600053432
-79.89955696202527,-0.605236051
-93.35716577540104,-0.279422042
-66.11709302325579,-0.956118203
-84.77557377049177,-0.442098974
-99.96051813471499,-0.827770126
-67.29579617834392,-0.250211342
-78.79499999999996,-1.02023057
-85.66108108108105,-1.979186805
-68.04005988023951,-1.383705397
-67.04499999999997,1.029429538
-60.76558823529409,-0.219401793
-70.54245283018865,-1.154026871
-97.33078947368419,-1.3763221980000002
-105.77104477611937,-1.955010427
-64.98478260869562,-0.5694035239999999
-88.38069518716574,-0.613595584
-99.22970443349752,-1.269927006
-71.13155279503103,-0.72505481
-66.41357142857139,-0.925382055
-70.41982758620686,-1.224631689
-53.707972972972954,-0.409268285
-89.76131578947367,-1.494802524
-89.81304347826085,-0.8184038920000001
-82.1333333333333,-2.253427614
-89.44031088082899,-1.340656035
-95.96313186813184,-1.628925901
-92.9778378378378,-1.220072399
-82.55499999999996,-1.615115569
-112.9342131979695,-1.171994378
-63.970736196318995,-2.8852806
-88.81098522167484,-0.7601448909999999
-53.899578313252974,-1.074493888
-96.12846938775506,-0.702634106
-80.25595375722538,-0.025405297
-74.57099999999994,-1.317047987
-73.49499999999998,-0.332445996
-100.22299999999996,-1.839646897
-89.35326086956519,-0.345776961
-56.321020408163236,-1.796458718
-82.83964497041418,-1.533520106
-76.16572192513365,-1.398764415
-82.95181818181815,-0.649769815
-105.03499999999998,-1.244948811
-71.82662721893489,-0.870159846
-93.1305056179775,-0.213932294
-72.82781065088756,0.04682205
-73.83241935483868,-0.00392285
-40.374999999999986,-0.100735237
-60.257499999999965,-0.386313822
-103.95297297297293,-0.977815417
-66.26181818181817,-1.159264533
-76.49567415730336,-1.154604142
-69.188734939759,-1.960115381
-71.32603550295856,-1.417609212
-91.01409090909088,-2.589831934
-76.91655737704914,-0.635887771
-57.54545454545453,0.123510589
-78.77392265193366,-0.282837043
-60.76558823529409,0.5305142820000001
-42.4330769230769,-1.285439638
-78.88016042780745,0.430458655
-88.01848167539264,-0.461795522
-82.00270270270266,-1.040140364
-55.42131578947365,-1.028244259
-48.62699999999995,-0.320310459
-43.89999999999999,-0.7428356540000001
-87.51413043478259,-1.786959444
-84.85016574585632,-1.161769606
-56.44992957746476,-1.4883725819999998
-66.52029940119759,-1.543063106
-79.58773584905657,-2.500101134
-55.12139072847678,-0.919732724
-47.837947019867514,-1.4766612140000002
-76.02039325842694,0.380898468
-97.38230769230766,-1.897865447
-56.9222580645161,-2.802927561
-67.73264705882349,-1.362332038
-30.009300699300667,0.377163132
-45.24299999999995,-0.620987367
-58.77499999999998,0.54748652
-44.51266233766229,-0.135174835
-82.39817073170728,-0.662825727
-82.96056701030923,0.383169435
-48.62699999999995,-0.66377888
-95.17087628865976,-0.869539752
-81.07717391304345,-0.158521513
-88.38499999999998,-0.7809983620000001
-31.357931034482718,0.40730717
-81.08840659340657,0.652234999
-69.84711864406775,-0.118794214
-60.216463414634106,-0.427376752
-95.47964824120601,-0.985785397
-84.59106598984769,0.225036864
-66.53017241379308,-0.44632581
-107.80829145728642,-0.595841399
-44.79951048951045,-0.206749288
-54.95032467532464,0.6309227789999999
-40.35312101910826,-0.973742407
-54.96999999999997,-1.7686076569999998
-75.99189944134073,-1.180387718
-45.39111888111886,-1.2495314990000002
-27.47999999999996,-1.21117325
-38.13499999999996,0.600508917
-59.00760869565215,0.051885921
-43.193292682926796,0.700634685
-30.848235294117615,0.500174428
-48.7897604790419,1.27984618
-84.66406779661013,-0.962189373
-88.19355670103089,-1.083530426
-95.60044198895024,-3.223202098
-63.95874999999997,0.123882554
-58.57090909090907,-0.197598803
-82.04700534759355,-1.342369273
-57.389411764705855,0.16641750800000002
-30.42306122448977,-0.067349413
-51.31029411764702,-0.405085984
-72.92274193548384,-0.572767569
-87.98026315789471,-0.339629515
-77.37885245901636,-0.188191513
-63.28499999999998,0.478576257
-30.375263157894693,0.213854327
-58.592894736842084,-0.879892862
-43.02468531468527,-0.170251333
-58.675580110497194,1.281422354
-79.1715517241379,-0.44546144
-22.07999999999997,0.664597941
-67.35749999999999,0.766971435
-53.32071428571426,1.4443849519999998
-58.90611111111107,-0.6726982659999999
-57.80714285714281,-0.67345523
-66.46666666666663,-0.66139437
-42.95398734177212,0.639664825
-91.31478021978019,0.73361431
-57.85285714285712,0.198997768
-66.64054216867467,0.331813697
-75.99189944134073,-0.231295405
-54.98181818181817,1.465054812
-58.66890243902435,0.598522751
-41.84146853146849,-1.019399237
-67.46068181818178,-0.183862181
-36.19359154929576,0.304491108
-75.51927374301671,-0.186014791
-77.80399999999996,-0.281015345
-69.86409090909089,-1.122988261
-79.96552631578945,-0.26701251
-55.42849397590358,0.247029737
-57.084999999999965,0.467264084
-63.60828571428567,-0.354378564
-51.521075949367045,-0.377535433
-85.49523316062174,0.40437854
-97.48403225806449,-3.218972393
-95.13499999999998,-3.078083218
-51.30720279720276,0.943020903
-47.49899999999997,-0.788321808
-43.610344827586175,-0.813542601
-78.03568181818179,-1.82115147
-67.32130177514792,-1.837760926
-55.334999999999965,-0.858525293
-84.10016853932582,-2.249781502
-93.00642458100555,-3.286064629
-80.63017241379308,-0.604038414
-55.83064516129029,-0.033046431
-80.48863874345547,-0.4855961070000001
-79.29048387096773,-2.053791606
-36.19359154929576,-0.732739145
-92.18599999999996,-0.7662270240000001
-51.28785714285712,-1.291052921
-44.207902097902064,-0.427601129
-76.06684210526312,-2.440718232
-82.73107784431136,-1.360107173
-54.112413793103414,-0.030670606
-68.1011538461538,0.307291723
-71.8265714285714,-2.255142197
-64.49395209580837,-0.801093115
-93.03152173913041,-1.581037089
-75.81403614457827,-1.7957833090000002
-98.06499999999997,-2.4462289740000003
-79.00285714285711,-1.4383621480000002
-65.93192307692304,-0.925525145
-83.91228571428567,-2.131611375
-78.32499999999996,-0.7064312709999999
-107.19999999999996,-1.281553402
-84.66406779661013,-1.540992613
-110.8698453608247,-2.133114882
-55.42131578947365,-1.766723874
-78.54052631578944,-0.971027336
-70.81269230769227,-0.556713185
-89.72639534883717,-1.200206027
-63.1403468208092,-3.31528229
-98.3895454545454,-1.471859295
-96.43874999999998,-2.206130433
-63.8171597633136,-2.5426323980000003
-110.43376288659789,-1.706167744
-64.01774193548385,-1.059062701
-67.26166666666663,0.031372778
-77.05124999999998,0.136377219
-89.314923857868,-0.581430381
-80.4390909090909,-1.598382296
-75.07736842105258,-0.960042463
-79.6978260869565,-0.889507777
-78.99999999999997,0.208936828
-83.66062499999998,-1.835393935
-68.96120689655169,0.005043864
-38.8691176470588,-0.010102659
-36.78299999999996,-1.234616781
-42.86461038961035,-0.453051623
-73.63248618784527,0.090334665
-67.46068181818178,-0.522768858
-55.443636363636344,0.150524028
-52.916379310344794,0.53558468
-74.11587912087909,-0.661596356
-81.89812499999998,-0.033403452
-70.94285714285711,0.008935664
-74.148813559322,-1.216708721
-71.96166666666663,-0.258269554
-97.35238095238093,-1.415011332
-71.11947368421048,-1.177886917
-89.8786528497409,-1.243383855
-85.14203389830504,-1.507300932
-33.96299999999995,0.035570382000000005
-64.9028571428571,-0.656458538
-53.30088235294116,-0.125892568
-93.84532258064513,-0.810443543
-55.49454545454543,0.183676938
-134.58953367875642,-0.8281238540000001
-84.97743902439021,-1.208209756
-74.26698113207544,-2.045048792
-88.847619047619,-0.400910655
-89.91480198019798,0.088763638
-75.14335025380709,-0.003054017
-53.194999999999965,0.596820123
-57.037868852458985,0.142539774
-69.61615384615382,0.627643273
-111.20272727272723,-1.291127806
-110.8217910447761,-1.190053049
-91.80611111111108,-2.68107788
-99.30577889447233,-2.321549629
-61.69249999999997,-2.99484817
-97.59147058823527,-2.578989066
-102.93565934065933,-2.0374664730000003
-108.18499999999997,-2.142987561
-80.33475609756093,-2.790745419
-47.87999999999995,-2.371111888
-69.55775510204077,-2.330077146
-72.6707547169811,-1.949838508
-104.84989528795808,-2.670899861
-40.374999999999986,0.478452209
-46.50999999999996,0.069619504
-101.79914285714281,-1.312904807
-62.154310344827564,0.021935308
-84.8190476190476,-1.813850904
-79.34735955056176,-1.4436670180000002
-73.4635714285714,-1.999922267
-78.67838323353291,-1.221229701
-40.06664335664331,-1.007687996
-38.576690140845045,-1.333100456
-89.71342857142852,-1.564267941
-48.435923566878955,-2.44570688
-63.16593023255811,-1.305305547
-103.58668539325839,-1.981870516
-117.33923076923074,-3.263930896
-64.6019879518072,-0.988304549
-58.304716981132046,-1.6326342530000002
-97.74363636363633,-2.49253904
-64.61448275862067,-0.212349302
-113.34409090909087,0.646549436
-88.96576271186436,-1.933358302
-90.22924528301886,-2.498501377
-72.18248447204965,-1.729508565
-86.41499999999996,-3.11097387
-83.4288571428571,-2.415178226
-98.28730769230766,-1.6977920519999998
-81.40045454545451,-2.028694853
-125.55238095238093,-2.830075383
-89.13147058823526,-1.198192324
-63.970736196318995,-1.050635191
-63.69842105263153,-2.099604652
-105.21661016949147,-1.51834981
-130.0077272727272,-2.302414545
-73.43999999999997,-1.991155658
-106.62162303664918,-0.26127875
-111.78088235294113,-2.857489634
-88.1219889502762,-0.940478103
-85.76950920245396,-2.487055521
-138.27126903553295,-2.758743415
-66.51348101265819,-0.86241702
-90.39966101694911,-1.506474394
-74.28512048192766,-1.891061968
-70.2386713286713,-0.8820081679999999
-65.09641618497105,0.426255688
-100.75189189189184,-1.156798852
-103.13190954773866,-1.7859843640000002
-67.6598192771084,0.309697434
-63.300822784810094,-1.188593065
-87.48499999999997,-1.523820601
-70.91722222222218,-1.014886441
-64.56354838709674,-2.071271224
-79.035824742268,-0.61404138
-48.10908450704224,-1.71147614
-67.47571428571423,-0.194649153
-86.78377245508979,-1.502453987
-85.14203389830504,-1.394596543
-92.88499999999998,0.176243348
-108.90763157894736,-0.284613235
-105.25983516483514,-3.527563909
-92.13057142857139,-1.865442606
-91.99773006134967,-2.158626155
-89.92165644171777,-1.871531787
-62.64051724137927,-0.5319518520000001
-77.75778481012655,-0.967701693
-38.29181818181816,-1.002340694
-107.36227272727268,-2.251709791
-83.23016949152539,0.095745084
-63.08388888888885,-2.441540897
-123.63098445595853,-1.822256378
-87.80117647058819,-2.430305441
-58.19655172413789,-1.572981576
-70.79230337078648,-1.208734075
-37.516778523489904,-0.980452714
-68.41322033898301,0.373124454
-127.87706185567006,-2.459245642
-110.60611111111106,-2.169683991
-125.91112244897954,-1.6719304469999998
-108.40016129032256,-1.411310796
-103.92937499999998,-2.362779263
-112.17809278350511,-1.681544004
-129.0972727272727,-1.961734318
-115.48363636363635,-2.189229756
-105.29899999999996,-1.055061636
-83.19005780346816,-0.250208993
-109.70894736842101,-1.3667052430000002
-107.46499999999997,-1.753996148
-129.40999999999994,-0.949229822
-73.97764705882351,0.223365705
-114.36190476190473,-1.5649862630000002
-103.87681564245807,-2.128637056
-81.60258620689653,-1.929076672
-100.8399484536082,-0.949682356
-85.61249999999998,-1.7524997
-157.09458762886592,-2.434505315
-102.04785714285714,-1.161745881
-98.15415492957743,-1.67345497
-118.71006711409393,-2.128850065
-122.90135593220336,-2.033737526
-110.0860115606936,-0.894009394
-121.58263157894731,-2.000163711
-119.90541436464082,-0.123139093
-69.2820689655172,-0.6753361109999999
-131.00508196721307,-2.251382021
-106.66727722772274,-1.3753448380000002
-103.11140449438199,-1.680656465
-99.35917159763312,0.026327432
-91.63202072538857,0.8511712240000001
-65.2363636363636,0.490577969
-50.75411764705879,0.584865593
-62.16499999999998,0.566717326
-71.45364161849706,0.123378824
-43.07999999999997,1.029667868
-53.516037735849025,0.120457641
-73.68049180327864,0.747774563
-94.70041450777198,1.196247777
-67.45728813559317,0.546674687
-47.36214723926378,0.608107952
-69.2820689655172,1.711389827
-75.69207317073167,0.189475669
-88.50749999999998,0.255209381
-63.52536423841056,-0.215279181
-68.69862068965514,0.300778753
